<?xml version="1.0" encoding="UTF-8"?>
<CellCounter_Marker_File>
 <Image_Properties>
     <Image_Filename>Exp16_day03_HOE_W2_008.jpg</Image_Filename>
 </Image_Properties>
 <Marker_Data>
     <Current_Type>1</Current_Type>
     <Marker_Type>
         <Type>1</Type>
         <Marker>
             <MarkerX>663</MarkerX>
             <MarkerY>291</MarkerY>
             <MarkerZ>3</MarkerZ>
         </Marker>
         <Marker>
             <MarkerX>777</MarkerX>
             <MarkerY>36</MarkerY>
             <MarkerZ>3</MarkerZ>
         </Marker>
         <Marker>
             <MarkerX>864</MarkerX>
             <MarkerY>147</MarkerY>
             <MarkerZ>3</MarkerZ>
         </Marker>
         <Marker>
             <MarkerX>891</MarkerX>
             <MarkerY>309</MarkerY>
             <MarkerZ>3</MarkerZ>
         </Marker>
         <Marker>
             <MarkerX>897</MarkerX>
             <MarkerY>405</MarkerY>
             <MarkerZ>3</MarkerZ>
         </Marker>
         <Marker>
             <MarkerX>1038</MarkerX>
             <MarkerY>510</MarkerY>
             <MarkerZ>3</MarkerZ>
         </Marker>
         <Marker>
             <MarkerX>192</MarkerX>
             <MarkerY>999</MarkerY>
             <MarkerZ>3</MarkerZ>
         </Marker>
         <Marker>
             <MarkerX>219</MarkerX>
             <MarkerY>1041</MarkerY>
             <MarkerZ>3</MarkerZ>
         </Marker>
         <Marker>
             <MarkerX>141</MarkerX>
             <MarkerY>1059</MarkerY>
             <MarkerZ>3</MarkerZ>
         </Marker>
         <Marker>
             <MarkerX>147</MarkerX>
             <MarkerY>1137</MarkerY>
             <MarkerZ>3</MarkerZ>
         </Marker>
         <Marker>
             <MarkerX>222</MarkerX>
             <MarkerY>1161</MarkerY>
             <MarkerZ>3</MarkerZ>
         </Marker>
         <Marker>
             <MarkerX>243</MarkerX>
             <MarkerY>1215</MarkerY>
             <MarkerZ>3</MarkerZ>
         </Marker>
         <Marker>
             <MarkerX>309</MarkerX>
             <MarkerY>1308</MarkerY>
             <MarkerZ>3</MarkerZ>
         </Marker>
         <Marker>
             <MarkerX>327</MarkerX>
             <MarkerY>1158</MarkerY>
             <MarkerZ>3</MarkerZ>
         </Marker>
         <Marker>
             <MarkerX>381</MarkerX>
             <MarkerY>1215</MarkerY>
             <MarkerZ>3</MarkerZ>
         </Marker>
         <Marker>
             <MarkerX>279</MarkerX>
             <MarkerY>945</MarkerY>
             <MarkerZ>3</MarkerZ>
         </Marker>
         <Marker>
             <MarkerX>339</MarkerX>
             <MarkerY>870</MarkerY>
             <MarkerZ>3</MarkerZ>
         </Marker>
         <Marker>
             <MarkerX>675</MarkerX>
             <MarkerY>1284</MarkerY>
             <MarkerZ>3</MarkerZ>
         </Marker>
         <Marker>
             <MarkerX>807</MarkerX>
             <MarkerY>1380</MarkerY>
             <MarkerZ>3</MarkerZ>
         </Marker>
         <Marker>
             <MarkerX>720</MarkerX>
             <MarkerY>1110</MarkerY>
             <MarkerZ>3</MarkerZ>
         </Marker>
         <Marker>
             <MarkerX>816</MarkerX>
             <MarkerY>1212</MarkerY>
             <MarkerZ>3</MarkerZ>
         </Marker>
         <Marker>
             <MarkerX>837</MarkerX>
             <MarkerY>1005</MarkerY>
             <MarkerZ>3</MarkerZ>
         </Marker>
         <Marker>
             <MarkerX>768</MarkerX>
             <MarkerY>996</MarkerY>
             <MarkerZ>3</MarkerZ>
         </Marker>
         <Marker>
             <MarkerX>795</MarkerX>
             <MarkerY>951</MarkerY>
             <MarkerZ>3</MarkerZ>
         </Marker>
         <Marker>
             <MarkerX>768</MarkerX>
             <MarkerY>897</MarkerY>
             <MarkerZ>3</MarkerZ>
         </Marker>
         <Marker>
             <MarkerX>837</MarkerX>
             <MarkerY>819</MarkerY>
             <MarkerZ>3</MarkerZ>
         </Marker>
         <Marker>
             <MarkerX>903</MarkerX>
             <MarkerY>870</MarkerY>
             <MarkerZ>3</MarkerZ>
         </Marker>
         <Marker>
             <MarkerX>939</MarkerX>
             <MarkerY>936</MarkerY>
             <MarkerZ>3</MarkerZ>
         </Marker>
         <Marker>
             <MarkerX>915</MarkerX>
             <MarkerY>1008</MarkerY>
             <MarkerZ>3</MarkerZ>
         </Marker>
         <Marker>
             <MarkerX>1038</MarkerX>
             <MarkerY>981</MarkerY>
             <MarkerZ>3</MarkerZ>
         </Marker>
         <Marker>
             <MarkerX>1068</MarkerX>
             <MarkerY>1068</MarkerY>
             <MarkerZ>3</MarkerZ>
         </Marker>
         <Marker>
             <MarkerX>1107</MarkerX>
             <MarkerY>1284</MarkerY>
             <MarkerZ>3</MarkerZ>
         </Marker>
         <Marker>
             <MarkerX>987</MarkerX>
             <MarkerY>1386</MarkerY>
             <MarkerZ>3</MarkerZ>
         </Marker>
         <Marker>
             <MarkerX>1077</MarkerX>
             <MarkerY>1443</MarkerY>
             <MarkerZ>3</MarkerZ>
         </Marker>
         <Marker>
             <MarkerX>1266</MarkerX>
             <MarkerY>1140</MarkerY>
             <MarkerZ>3</MarkerZ>
         </Marker>
         <Marker>
             <MarkerX>1287</MarkerX>
             <MarkerY>1098</MarkerY>
             <MarkerZ>3</MarkerZ>
         </Marker>
         <Marker>
             <MarkerX>1119</MarkerX>
             <MarkerY>828</MarkerY>
             <MarkerZ>3</MarkerZ>
         </Marker>
         <Marker>
             <MarkerX>1194</MarkerX>
             <MarkerY>849</MarkerY>
             <MarkerZ>3</MarkerZ>
         </Marker>
         <Marker>
             <MarkerX>1281</MarkerX>
             <MarkerY>804</MarkerY>
             <MarkerZ>3</MarkerZ>
         </Marker>
         <Marker>
             <MarkerX>1401</MarkerX>
             <MarkerY>1182</MarkerY>
             <MarkerZ>3</MarkerZ>
         </Marker>
         <Marker>
             <MarkerX>1374</MarkerX>
             <MarkerY>1389</MarkerY>
             <MarkerZ>3</MarkerZ>
         </Marker>
         <Marker>
             <MarkerX>1431</MarkerX>
             <MarkerY>1350</MarkerY>
             <MarkerZ>3</MarkerZ>
         </Marker>
         <Marker>
             <MarkerX>1395</MarkerX>
             <MarkerY>1470</MarkerY>
             <MarkerZ>3</MarkerZ>
         </Marker>
         <Marker>
             <MarkerX>1611</MarkerX>
             <MarkerY>1485</MarkerY>
             <MarkerZ>3</MarkerZ>
         </Marker>
         <Marker>
             <MarkerX>1692</MarkerX>
             <MarkerY>1476</MarkerY>
             <MarkerZ>3</MarkerZ>
         </Marker>
         <Marker>
             <MarkerX>1719</MarkerX>
             <MarkerY>1431</MarkerY>
             <MarkerZ>3</MarkerZ>
         </Marker>
         <Marker>
             <MarkerX>1608</MarkerX>
             <MarkerY>1347</MarkerY>
             <MarkerZ>3</MarkerZ>
         </Marker>
         <Marker>
             <MarkerX>1695</MarkerX>
             <MarkerY>1173</MarkerY>
             <MarkerZ>3</MarkerZ>
         </Marker>
         <Marker>
             <MarkerX>1734</MarkerX>
             <MarkerY>1095</MarkerY>
             <MarkerZ>3</MarkerZ>
         </Marker>
         <Marker>
             <MarkerX>1629</MarkerX>
             <MarkerY>1017</MarkerY>
             <MarkerZ>3</MarkerZ>
         </Marker>
         <Marker>
             <MarkerX>1665</MarkerX>
             <MarkerY>873</MarkerY>
             <MarkerZ>3</MarkerZ>
         </Marker>
         <Marker>
             <MarkerX>1839</MarkerX>
             <MarkerY>1026</MarkerY>
             <MarkerZ>3</MarkerZ>
         </Marker>
         <Marker>
             <MarkerX>1026</MarkerX>
             <MarkerY>285</MarkerY>
             <MarkerZ>3</MarkerZ>
         </Marker>
         <Marker>
             <MarkerX>1116</MarkerX>
             <MarkerY>282</MarkerY>
             <MarkerZ>3</MarkerZ>
         </Marker>
         <Marker>
             <MarkerX>1197</MarkerX>
             <MarkerY>276</MarkerY>
             <MarkerZ>3</MarkerZ>
         </Marker>
         <Marker>
             <MarkerX>1149</MarkerX>
             <MarkerY>432</MarkerY>
             <MarkerZ>3</MarkerZ>
         </Marker>
         <Marker>
             <MarkerX>1230</MarkerX>
             <MarkerY>480</MarkerY>
             <MarkerZ>3</MarkerZ>
         </Marker>
         <Marker>
             <MarkerX>1347</MarkerX>
             <MarkerY>393</MarkerY>
             <MarkerZ>3</MarkerZ>
         </Marker>
         <Marker>
             <MarkerX>1401</MarkerX>
             <MarkerY>438</MarkerY>
             <MarkerZ>3</MarkerZ>
         </Marker>
         <Marker>
             <MarkerX>1020</MarkerX>
             <MarkerY>162</MarkerY>
             <MarkerZ>3</MarkerZ>
         </Marker>
         <Marker>
             <MarkerX>1059</MarkerX>
             <MarkerY>66</MarkerY>
             <MarkerZ>3</MarkerZ>
         </Marker>
         <Marker>
             <MarkerX>1119</MarkerX>
             <MarkerY>51</MarkerY>
             <MarkerZ>3</MarkerZ>
         </Marker>
         <Marker>
             <MarkerX>1128</MarkerX>
             <MarkerY>120</MarkerY>
             <MarkerZ>3</MarkerZ>
         </Marker>
         <Marker>
             <MarkerX>1203</MarkerX>
             <MarkerY>174</MarkerY>
             <MarkerZ>3</MarkerZ>
         </Marker>
         <Marker>
             <MarkerX>1284</MarkerX>
             <MarkerY>144</MarkerY>
             <MarkerZ>3</MarkerZ>
         </Marker>
         <Marker>
             <MarkerX>1263</MarkerX>
             <MarkerY>6</MarkerY>
             <MarkerZ>3</MarkerZ>
         </Marker>
         <Marker>
             <MarkerX>1335</MarkerX>
             <MarkerY>78</MarkerY>
             <MarkerZ>3</MarkerZ>
         </Marker>
         <Marker>
             <MarkerX>1425</MarkerX>
             <MarkerY>93</MarkerY>
             <MarkerZ>3</MarkerZ>
         </Marker>
         <Marker>
             <MarkerX>1392</MarkerX>
             <MarkerY>177</MarkerY>
             <MarkerZ>3</MarkerZ>
         </Marker>
         <Marker>
             <MarkerX>1434</MarkerX>
             <MarkerY>273</MarkerY>
             <MarkerZ>3</MarkerZ>
         </Marker>
         <Marker>
             <MarkerX>1494</MarkerX>
             <MarkerY>336</MarkerY>
             <MarkerZ>3</MarkerZ>
         </Marker>
         <Marker>
             <MarkerX>1512</MarkerX>
             <MarkerY>261</MarkerY>
             <MarkerZ>3</MarkerZ>
         </Marker>
         <Marker>
             <MarkerX>1500</MarkerX>
             <MarkerY>456</MarkerY>
             <MarkerZ>3</MarkerZ>
         </Marker>
         <Marker>
             <MarkerX>1524</MarkerX>
             <MarkerY>567</MarkerY>
             <MarkerZ>3</MarkerZ>
         </Marker>
         <Marker>
             <MarkerX>1611</MarkerX>
             <MarkerY>372</MarkerY>
             <MarkerZ>3</MarkerZ>
         </Marker>
         <Marker>
             <MarkerX>1638</MarkerX>
             <MarkerY>483</MarkerY>
             <MarkerZ>3</MarkerZ>
         </Marker>
         <Marker>
             <MarkerX>1662</MarkerX>
             <MarkerY>678</MarkerY>
             <MarkerZ>3</MarkerZ>
         </Marker>
         <Marker>
             <MarkerX>1710</MarkerX>
             <MarkerY>798</MarkerY>
             <MarkerZ>3</MarkerZ>
         </Marker>
         <Marker>
             <MarkerX>1833</MarkerX>
             <MarkerY>771</MarkerY>
             <MarkerZ>3</MarkerZ>
         </Marker>
         <Marker>
             <MarkerX>1785</MarkerX>
             <MarkerY>573</MarkerY>
             <MarkerZ>3</MarkerZ>
         </Marker>
         <Marker>
             <MarkerX>1872</MarkerX>
             <MarkerY>546</MarkerY>
             <MarkerZ>3</MarkerZ>
         </Marker>
         <Marker>
             <MarkerX>1767</MarkerX>
             <MarkerY>405</MarkerY>
             <MarkerZ>3</MarkerZ>
         </Marker>
         <Marker>
             <MarkerX>1710</MarkerX>
             <MarkerY>321</MarkerY>
             <MarkerZ>3</MarkerZ>
         </Marker>
         <Marker>
             <MarkerX>1719</MarkerX>
             <MarkerY>219</MarkerY>
             <MarkerZ>3</MarkerZ>
         </Marker>
         <Marker>
             <MarkerX>1665</MarkerX>
             <MarkerY>81</MarkerY>
             <MarkerZ>3</MarkerZ>
         </Marker>
         <Marker>
             <MarkerX>1575</MarkerX>
             <MarkerY>39</MarkerY>
             <MarkerZ>3</MarkerZ>
         </Marker>
         <Marker>
             <MarkerX>1752</MarkerX>
             <MarkerY>24</MarkerY>
             <MarkerZ>3</MarkerZ>
         </Marker>
         <Marker>
             <MarkerX>1818</MarkerX>
             <MarkerY>66</MarkerY>
             <MarkerZ>3</MarkerZ>
         </Marker>
         <Marker>
             <MarkerX>1848</MarkerX>
             <MarkerY>207</MarkerY>
             <MarkerZ>3</MarkerZ>
         </Marker>
         <Marker>
             <MarkerX>1866</MarkerX>
             <MarkerY>1422</MarkerY>
             <MarkerZ>3</MarkerZ>
         </Marker>
         <Marker>
             <MarkerX>1866</MarkerX>
             <MarkerY>1449</MarkerY>
             <MarkerZ>3</MarkerZ>
         </Marker>
     </Marker_Type>
     <Marker_Type>
         <Type>2</Type>
         <Marker>
             <MarkerX>573</MarkerX>
             <MarkerY>603</MarkerY>
             <MarkerZ>1</MarkerZ>
         </Marker>
         <Marker>
             <MarkerX>420</MarkerX>
             <MarkerY>759</MarkerY>
             <MarkerZ>1</MarkerZ>
         </Marker>
         <Marker>
             <MarkerX>465</MarkerX>
             <MarkerY>828</MarkerY>
             <MarkerZ>1</MarkerZ>
         </Marker>
         <Marker>
             <MarkerX>468</MarkerX>
             <MarkerY>966</MarkerY>
             <MarkerZ>1</MarkerZ>
         </Marker>
         <Marker>
             <MarkerX>327</MarkerX>
             <MarkerY>1509</MarkerY>
             <MarkerZ>1</MarkerZ>
         </Marker>
         <Marker>
             <MarkerX>111</MarkerX>
             <MarkerY>342</MarkerY>
             <MarkerZ>1</MarkerZ>
         </Marker>
         <Marker>
             <MarkerX>150</MarkerX>
             <MarkerY>273</MarkerY>
             <MarkerZ>1</MarkerZ>
         </Marker>
         <Marker>
             <MarkerX>1254</MarkerX>
             <MarkerY>1407</MarkerY>
             <MarkerZ>3</MarkerZ>
         </Marker>
     </Marker_Type>
 </Marker_Data>
</CellCounter_Marker_File>
