<?xml version="1.0" encoding="UTF-8"?>
<CellCounter_Marker_File>
 <Image_Properties>
     <Image_Filename>Exp16_day08_HOE_W3_002.jpg</Image_Filename>
 </Image_Properties>
 <Marker_Data>
     <Current_Type>0</Current_Type>
     <Marker_Type>
         <Type>1</Type>
         <Marker>
             <MarkerX>81</MarkerX>
             <MarkerY>12</MarkerY>
             <MarkerZ>3</MarkerZ>
         </Marker>
         <Marker>
             <MarkerX>102</MarkerX>
             <MarkerY>48</MarkerY>
             <MarkerZ>3</MarkerZ>
         </Marker>
         <Marker>
             <MarkerX>156</MarkerX>
             <MarkerY>27</MarkerY>
             <MarkerZ>3</MarkerZ>
         </Marker>
         <Marker>
             <MarkerX>54</MarkerX>
             <MarkerY>123</MarkerY>
             <MarkerZ>3</MarkerZ>
         </Marker>
         <Marker>
             <MarkerX>120</MarkerX>
             <MarkerY>186</MarkerY>
             <MarkerZ>3</MarkerZ>
         </Marker>
         <Marker>
             <MarkerX>195</MarkerX>
             <MarkerY>150</MarkerY>
             <MarkerZ>3</MarkerZ>
         </Marker>
         <Marker>
             <MarkerX>186</MarkerX>
             <MarkerY>201</MarkerY>
             <MarkerZ>3</MarkerZ>
         </Marker>
         <Marker>
             <MarkerX>231</MarkerX>
             <MarkerY>183</MarkerY>
             <MarkerZ>3</MarkerZ>
         </Marker>
         <Marker>
             <MarkerX>291</MarkerX>
             <MarkerY>195</MarkerY>
             <MarkerZ>3</MarkerZ>
         </Marker>
         <Marker>
             <MarkerX>309</MarkerX>
             <MarkerY>234</MarkerY>
             <MarkerZ>3</MarkerZ>
         </Marker>
         <Marker>
             <MarkerX>240</MarkerX>
             <MarkerY>252</MarkerY>
             <MarkerZ>3</MarkerZ>
         </Marker>
         <Marker>
             <MarkerX>294</MarkerX>
             <MarkerY>114</MarkerY>
             <MarkerZ>3</MarkerZ>
         </Marker>
         <Marker>
             <MarkerX>225</MarkerX>
             <MarkerY>66</MarkerY>
             <MarkerZ>3</MarkerZ>
         </Marker>
         <Marker>
             <MarkerX>306</MarkerX>
             <MarkerY>15</MarkerY>
             <MarkerZ>3</MarkerZ>
         </Marker>
         <Marker>
             <MarkerX>354</MarkerX>
             <MarkerY>57</MarkerY>
             <MarkerZ>3</MarkerZ>
         </Marker>
         <Marker>
             <MarkerX>339</MarkerX>
             <MarkerY>114</MarkerY>
             <MarkerZ>3</MarkerZ>
         </Marker>
         <Marker>
             <MarkerX>390</MarkerX>
             <MarkerY>168</MarkerY>
             <MarkerZ>3</MarkerZ>
         </Marker>
         <Marker>
             <MarkerX>324</MarkerX>
             <MarkerY>168</MarkerY>
             <MarkerZ>3</MarkerZ>
         </Marker>
         <Marker>
             <MarkerX>339</MarkerX>
             <MarkerY>252</MarkerY>
             <MarkerZ>3</MarkerZ>
         </Marker>
         <Marker>
             <MarkerX>354</MarkerX>
             <MarkerY>294</MarkerY>
             <MarkerZ>3</MarkerZ>
         </Marker>
         <Marker>
             <MarkerX>405</MarkerX>
             <MarkerY>291</MarkerY>
             <MarkerZ>3</MarkerZ>
         </Marker>
         <Marker>
             <MarkerX>462</MarkerX>
             <MarkerY>243</MarkerY>
             <MarkerZ>3</MarkerZ>
         </Marker>
         <Marker>
             <MarkerX>459</MarkerX>
             <MarkerY>324</MarkerY>
             <MarkerZ>3</MarkerZ>
         </Marker>
         <Marker>
             <MarkerX>507</MarkerX>
             <MarkerY>279</MarkerY>
             <MarkerZ>3</MarkerZ>
         </Marker>
         <Marker>
             <MarkerX>474</MarkerX>
             <MarkerY>144</MarkerY>
             <MarkerZ>3</MarkerZ>
         </Marker>
         <Marker>
             <MarkerX>432</MarkerX>
             <MarkerY>123</MarkerY>
             <MarkerZ>3</MarkerZ>
         </Marker>
         <Marker>
             <MarkerX>399</MarkerX>
             <MarkerY>33</MarkerY>
             <MarkerZ>3</MarkerZ>
         </Marker>
         <Marker>
             <MarkerX>450</MarkerX>
             <MarkerY>18</MarkerY>
             <MarkerZ>3</MarkerZ>
         </Marker>
         <Marker>
             <MarkerX>552</MarkerX>
             <MarkerY>102</MarkerY>
             <MarkerZ>3</MarkerZ>
         </Marker>
         <Marker>
             <MarkerX>621</MarkerX>
             <MarkerY>114</MarkerY>
             <MarkerZ>3</MarkerZ>
         </Marker>
         <Marker>
             <MarkerX>633</MarkerX>
             <MarkerY>153</MarkerY>
             <MarkerZ>3</MarkerZ>
         </Marker>
         <Marker>
             <MarkerX>678</MarkerX>
             <MarkerY>231</MarkerY>
             <MarkerZ>3</MarkerZ>
         </Marker>
         <Marker>
             <MarkerX>708</MarkerX>
             <MarkerY>201</MarkerY>
             <MarkerZ>3</MarkerZ>
         </Marker>
         <Marker>
             <MarkerX>726</MarkerX>
             <MarkerY>144</MarkerY>
             <MarkerZ>3</MarkerZ>
         </Marker>
         <Marker>
             <MarkerX>741</MarkerX>
             <MarkerY>123</MarkerY>
             <MarkerZ>3</MarkerZ>
         </Marker>
         <Marker>
             <MarkerX>789</MarkerX>
             <MarkerY>78</MarkerY>
             <MarkerZ>3</MarkerZ>
         </Marker>
         <Marker>
             <MarkerX>801</MarkerX>
             <MarkerY>90</MarkerY>
             <MarkerZ>3</MarkerZ>
         </Marker>
         <Marker>
             <MarkerX>834</MarkerX>
             <MarkerY>39</MarkerY>
             <MarkerZ>3</MarkerZ>
         </Marker>
         <Marker>
             <MarkerX>870</MarkerX>
             <MarkerY>30</MarkerY>
             <MarkerZ>3</MarkerZ>
         </Marker>
         <Marker>
             <MarkerX>840</MarkerX>
             <MarkerY>120</MarkerY>
             <MarkerZ>3</MarkerZ>
         </Marker>
         <Marker>
             <MarkerX>801</MarkerX>
             <MarkerY>162</MarkerY>
             <MarkerZ>3</MarkerZ>
         </Marker>
         <Marker>
             <MarkerX>840</MarkerX>
             <MarkerY>180</MarkerY>
             <MarkerZ>3</MarkerZ>
         </Marker>
         <Marker>
             <MarkerX>822</MarkerX>
             <MarkerY>222</MarkerY>
             <MarkerZ>3</MarkerZ>
         </Marker>
         <Marker>
             <MarkerX>780</MarkerX>
             <MarkerY>210</MarkerY>
             <MarkerZ>3</MarkerZ>
         </Marker>
         <Marker>
             <MarkerX>777</MarkerX>
             <MarkerY>246</MarkerY>
             <MarkerZ>3</MarkerZ>
         </Marker>
         <Marker>
             <MarkerX>795</MarkerX>
             <MarkerY>282</MarkerY>
             <MarkerZ>3</MarkerZ>
         </Marker>
         <Marker>
             <MarkerX>783</MarkerX>
             <MarkerY>330</MarkerY>
             <MarkerZ>3</MarkerZ>
         </Marker>
         <Marker>
             <MarkerX>750</MarkerX>
             <MarkerY>312</MarkerY>
             <MarkerZ>3</MarkerZ>
         </Marker>
         <Marker>
             <MarkerX>747</MarkerX>
             <MarkerY>273</MarkerY>
             <MarkerZ>3</MarkerZ>
         </Marker>
         <Marker>
             <MarkerX>693</MarkerX>
             <MarkerY>279</MarkerY>
             <MarkerZ>3</MarkerZ>
         </Marker>
         <Marker>
             <MarkerX>645</MarkerX>
             <MarkerY>273</MarkerY>
             <MarkerZ>3</MarkerZ>
         </Marker>
         <Marker>
             <MarkerX>600</MarkerX>
             <MarkerY>192</MarkerY>
             <MarkerZ>3</MarkerZ>
         </Marker>
         <Marker>
             <MarkerX>720</MarkerX>
             <MarkerY>372</MarkerY>
             <MarkerZ>3</MarkerZ>
         </Marker>
         <Marker>
             <MarkerX>768</MarkerX>
             <MarkerY>411</MarkerY>
             <MarkerZ>3</MarkerZ>
         </Marker>
         <Marker>
             <MarkerX>633</MarkerX>
             <MarkerY>396</MarkerY>
             <MarkerZ>3</MarkerZ>
         </Marker>
         <Marker>
             <MarkerX>537</MarkerX>
             <MarkerY>390</MarkerY>
             <MarkerZ>3</MarkerZ>
         </Marker>
         <Marker>
             <MarkerX>438</MarkerX>
             <MarkerY>423</MarkerY>
             <MarkerZ>3</MarkerZ>
         </Marker>
         <Marker>
             <MarkerX>381</MarkerX>
             <MarkerY>342</MarkerY>
             <MarkerZ>3</MarkerZ>
         </Marker>
         <Marker>
             <MarkerX>354</MarkerX>
             <MarkerY>384</MarkerY>
             <MarkerZ>3</MarkerZ>
         </Marker>
         <Marker>
             <MarkerX>267</MarkerX>
             <MarkerY>366</MarkerY>
             <MarkerZ>3</MarkerZ>
         </Marker>
         <Marker>
             <MarkerX>294</MarkerX>
             <MarkerY>306</MarkerY>
             <MarkerZ>3</MarkerZ>
         </Marker>
         <Marker>
             <MarkerX>231</MarkerX>
             <MarkerY>342</MarkerY>
             <MarkerZ>3</MarkerZ>
         </Marker>
         <Marker>
             <MarkerX>207</MarkerX>
             <MarkerY>303</MarkerY>
             <MarkerZ>3</MarkerZ>
         </Marker>
         <Marker>
             <MarkerX>141</MarkerX>
             <MarkerY>315</MarkerY>
             <MarkerZ>3</MarkerZ>
         </Marker>
         <Marker>
             <MarkerX>150</MarkerX>
             <MarkerY>270</MarkerY>
             <MarkerZ>3</MarkerZ>
         </Marker>
         <Marker>
             <MarkerX>96</MarkerX>
             <MarkerY>252</MarkerY>
             <MarkerZ>3</MarkerZ>
         </Marker>
         <Marker>
             <MarkerX>60</MarkerX>
             <MarkerY>270</MarkerY>
             <MarkerZ>3</MarkerZ>
         </Marker>
         <Marker>
             <MarkerX>15</MarkerX>
             <MarkerY>270</MarkerY>
             <MarkerZ>3</MarkerZ>
         </Marker>
         <Marker>
             <MarkerX>12</MarkerX>
             <MarkerY>318</MarkerY>
             <MarkerZ>3</MarkerZ>
         </Marker>
         <Marker>
             <MarkerX>27</MarkerX>
             <MarkerY>372</MarkerY>
             <MarkerZ>3</MarkerZ>
         </Marker>
         <Marker>
             <MarkerX>57</MarkerX>
             <MarkerY>402</MarkerY>
             <MarkerZ>3</MarkerZ>
         </Marker>
         <Marker>
             <MarkerX>108</MarkerX>
             <MarkerY>441</MarkerY>
             <MarkerZ>3</MarkerZ>
         </Marker>
         <Marker>
             <MarkerX>150</MarkerX>
             <MarkerY>477</MarkerY>
             <MarkerZ>3</MarkerZ>
         </Marker>
         <Marker>
             <MarkerX>177</MarkerX>
             <MarkerY>444</MarkerY>
             <MarkerZ>3</MarkerZ>
         </Marker>
         <Marker>
             <MarkerX>153</MarkerX>
             <MarkerY>378</MarkerY>
             <MarkerZ>3</MarkerZ>
         </Marker>
         <Marker>
             <MarkerX>216</MarkerX>
             <MarkerY>474</MarkerY>
             <MarkerZ>3</MarkerZ>
         </Marker>
         <Marker>
             <MarkerX>246</MarkerX>
             <MarkerY>471</MarkerY>
             <MarkerZ>3</MarkerZ>
         </Marker>
         <Marker>
             <MarkerX>339</MarkerX>
             <MarkerY>516</MarkerY>
             <MarkerZ>3</MarkerZ>
         </Marker>
         <Marker>
             <MarkerX>354</MarkerX>
             <MarkerY>495</MarkerY>
             <MarkerZ>3</MarkerZ>
         </Marker>
         <Marker>
             <MarkerX>396</MarkerX>
             <MarkerY>507</MarkerY>
             <MarkerZ>3</MarkerZ>
         </Marker>
         <Marker>
             <MarkerX>399</MarkerX>
             <MarkerY>561</MarkerY>
             <MarkerZ>3</MarkerZ>
         </Marker>
         <Marker>
             <MarkerX>444</MarkerX>
             <MarkerY>546</MarkerY>
             <MarkerZ>3</MarkerZ>
         </Marker>
         <Marker>
             <MarkerX>456</MarkerX>
             <MarkerY>606</MarkerY>
             <MarkerZ>3</MarkerZ>
         </Marker>
         <Marker>
             <MarkerX>387</MarkerX>
             <MarkerY>636</MarkerY>
             <MarkerZ>3</MarkerZ>
         </Marker>
         <Marker>
             <MarkerX>360</MarkerX>
             <MarkerY>600</MarkerY>
             <MarkerZ>3</MarkerZ>
         </Marker>
         <Marker>
             <MarkerX>297</MarkerX>
             <MarkerY>588</MarkerY>
             <MarkerZ>3</MarkerZ>
         </Marker>
         <Marker>
             <MarkerX>267</MarkerX>
             <MarkerY>546</MarkerY>
             <MarkerZ>3</MarkerZ>
         </Marker>
         <Marker>
             <MarkerX>294</MarkerX>
             <MarkerY>516</MarkerY>
             <MarkerZ>3</MarkerZ>
         </Marker>
         <Marker>
             <MarkerX>216</MarkerX>
             <MarkerY>558</MarkerY>
             <MarkerZ>3</MarkerZ>
         </Marker>
         <Marker>
             <MarkerX>258</MarkerX>
             <MarkerY>612</MarkerY>
             <MarkerZ>3</MarkerZ>
         </Marker>
         <Marker>
             <MarkerX>186</MarkerX>
             <MarkerY>630</MarkerY>
             <MarkerZ>3</MarkerZ>
         </Marker>
         <Marker>
             <MarkerX>186</MarkerX>
             <MarkerY>582</MarkerY>
             <MarkerZ>3</MarkerZ>
         </Marker>
         <Marker>
             <MarkerX>132</MarkerX>
             <MarkerY>567</MarkerY>
             <MarkerZ>3</MarkerZ>
         </Marker>
         <Marker>
             <MarkerX>36</MarkerX>
             <MarkerY>612</MarkerY>
             <MarkerZ>3</MarkerZ>
         </Marker>
         <Marker>
             <MarkerX>24</MarkerX>
             <MarkerY>675</MarkerY>
             <MarkerZ>3</MarkerZ>
         </Marker>
         <Marker>
             <MarkerX>54</MarkerX>
             <MarkerY>777</MarkerY>
             <MarkerZ>3</MarkerZ>
         </Marker>
         <Marker>
             <MarkerX>159</MarkerX>
             <MarkerY>756</MarkerY>
             <MarkerZ>3</MarkerZ>
         </Marker>
         <Marker>
             <MarkerX>141</MarkerX>
             <MarkerY>687</MarkerY>
             <MarkerZ>3</MarkerZ>
         </Marker>
         <Marker>
             <MarkerX>195</MarkerX>
             <MarkerY>762</MarkerY>
             <MarkerZ>3</MarkerZ>
         </Marker>
         <Marker>
             <MarkerX>267</MarkerX>
             <MarkerY>759</MarkerY>
             <MarkerZ>3</MarkerZ>
         </Marker>
         <Marker>
             <MarkerX>303</MarkerX>
             <MarkerY>729</MarkerY>
             <MarkerZ>3</MarkerZ>
         </Marker>
         <Marker>
             <MarkerX>330</MarkerX>
             <MarkerY>654</MarkerY>
             <MarkerZ>3</MarkerZ>
         </Marker>
         <Marker>
             <MarkerX>396</MarkerX>
             <MarkerY>708</MarkerY>
             <MarkerZ>3</MarkerZ>
         </Marker>
         <Marker>
             <MarkerX>435</MarkerX>
             <MarkerY>669</MarkerY>
             <MarkerZ>3</MarkerZ>
         </Marker>
         <Marker>
             <MarkerX>486</MarkerX>
             <MarkerY>747</MarkerY>
             <MarkerZ>3</MarkerZ>
         </Marker>
         <Marker>
             <MarkerX>522</MarkerX>
             <MarkerY>675</MarkerY>
             <MarkerZ>3</MarkerZ>
         </Marker>
         <Marker>
             <MarkerX>564</MarkerX>
             <MarkerY>621</MarkerY>
             <MarkerZ>3</MarkerZ>
         </Marker>
         <Marker>
             <MarkerX>624</MarkerX>
             <MarkerY>555</MarkerY>
             <MarkerZ>3</MarkerZ>
         </Marker>
         <Marker>
             <MarkerX>570</MarkerX>
             <MarkerY>531</MarkerY>
             <MarkerZ>3</MarkerZ>
         </Marker>
         <Marker>
             <MarkerX>576</MarkerX>
             <MarkerY>480</MarkerY>
             <MarkerZ>3</MarkerZ>
         </Marker>
         <Marker>
             <MarkerX>534</MarkerX>
             <MarkerY>471</MarkerY>
             <MarkerZ>3</MarkerZ>
         </Marker>
         <Marker>
             <MarkerX>648</MarkerX>
             <MarkerY>678</MarkerY>
             <MarkerZ>3</MarkerZ>
         </Marker>
         <Marker>
             <MarkerX>609</MarkerX>
             <MarkerY>720</MarkerY>
             <MarkerZ>3</MarkerZ>
         </Marker>
         <Marker>
             <MarkerX>600</MarkerX>
             <MarkerY>768</MarkerY>
             <MarkerZ>3</MarkerZ>
         </Marker>
         <Marker>
             <MarkerX>534</MarkerX>
             <MarkerY>804</MarkerY>
             <MarkerZ>3</MarkerZ>
         </Marker>
         <Marker>
             <MarkerX>666</MarkerX>
             <MarkerY>882</MarkerY>
             <MarkerZ>3</MarkerZ>
         </Marker>
         <Marker>
             <MarkerX>720</MarkerX>
             <MarkerY>909</MarkerY>
             <MarkerZ>3</MarkerZ>
         </Marker>
         <Marker>
             <MarkerX>711</MarkerX>
             <MarkerY>822</MarkerY>
             <MarkerZ>3</MarkerZ>
         </Marker>
         <Marker>
             <MarkerX>762</MarkerX>
             <MarkerY>858</MarkerY>
             <MarkerZ>3</MarkerZ>
         </Marker>
         <Marker>
             <MarkerX>732</MarkerX>
             <MarkerY>687</MarkerY>
             <MarkerZ>3</MarkerZ>
         </Marker>
         <Marker>
             <MarkerX>798</MarkerX>
             <MarkerY>645</MarkerY>
             <MarkerZ>3</MarkerZ>
         </Marker>
         <Marker>
             <MarkerX>816</MarkerX>
             <MarkerY>597</MarkerY>
             <MarkerZ>3</MarkerZ>
         </Marker>
         <Marker>
             <MarkerX>831</MarkerX>
             <MarkerY>561</MarkerY>
             <MarkerZ>3</MarkerZ>
         </Marker>
         <Marker>
             <MarkerX>792</MarkerX>
             <MarkerY>540</MarkerY>
             <MarkerZ>3</MarkerZ>
         </Marker>
         <Marker>
             <MarkerX>804</MarkerX>
             <MarkerY>483</MarkerY>
             <MarkerZ>3</MarkerZ>
         </Marker>
         <Marker>
             <MarkerX>864</MarkerX>
             <MarkerY>498</MarkerY>
             <MarkerZ>3</MarkerZ>
         </Marker>
         <Marker>
             <MarkerX>921</MarkerX>
             <MarkerY>489</MarkerY>
             <MarkerZ>3</MarkerZ>
         </Marker>
         <Marker>
             <MarkerX>930</MarkerX>
             <MarkerY>585</MarkerY>
             <MarkerZ>3</MarkerZ>
         </Marker>
         <Marker>
             <MarkerX>912</MarkerX>
             <MarkerY>627</MarkerY>
             <MarkerZ>3</MarkerZ>
         </Marker>
         <Marker>
             <MarkerX>960</MarkerX>
             <MarkerY>546</MarkerY>
             <MarkerZ>3</MarkerZ>
         </Marker>
         <Marker>
             <MarkerX>1011</MarkerX>
             <MarkerY>453</MarkerY>
             <MarkerZ>3</MarkerZ>
         </Marker>
         <Marker>
             <MarkerX>1056</MarkerX>
             <MarkerY>474</MarkerY>
             <MarkerZ>3</MarkerZ>
         </Marker>
         <Marker>
             <MarkerX>1056</MarkerX>
             <MarkerY>519</MarkerY>
             <MarkerZ>3</MarkerZ>
         </Marker>
         <Marker>
             <MarkerX>1062</MarkerX>
             <MarkerY>570</MarkerY>
             <MarkerZ>3</MarkerZ>
         </Marker>
         <Marker>
             <MarkerX>1104</MarkerX>
             <MarkerY>537</MarkerY>
             <MarkerZ>3</MarkerZ>
         </Marker>
         <Marker>
             <MarkerX>1008</MarkerX>
             <MarkerY>627</MarkerY>
             <MarkerZ>3</MarkerZ>
         </Marker>
         <Marker>
             <MarkerX>1005</MarkerX>
             <MarkerY>630</MarkerY>
             <MarkerZ>3</MarkerZ>
         </Marker>
         <Marker>
             <MarkerX>990</MarkerX>
             <MarkerY>687</MarkerY>
             <MarkerZ>3</MarkerZ>
         </Marker>
         <Marker>
             <MarkerX>960</MarkerX>
             <MarkerY>708</MarkerY>
             <MarkerZ>3</MarkerZ>
         </Marker>
         <Marker>
             <MarkerX>900</MarkerX>
             <MarkerY>717</MarkerY>
             <MarkerZ>3</MarkerZ>
         </Marker>
         <Marker>
             <MarkerX>861</MarkerX>
             <MarkerY>669</MarkerY>
             <MarkerZ>3</MarkerZ>
         </Marker>
         <Marker>
             <MarkerX>909</MarkerX>
             <MarkerY>792</MarkerY>
             <MarkerZ>3</MarkerZ>
         </Marker>
         <Marker>
             <MarkerX>870</MarkerX>
             <MarkerY>894</MarkerY>
             <MarkerZ>3</MarkerZ>
         </Marker>
         <Marker>
             <MarkerX>939</MarkerX>
             <MarkerY>948</MarkerY>
             <MarkerZ>3</MarkerZ>
         </Marker>
         <Marker>
             <MarkerX>975</MarkerX>
             <MarkerY>903</MarkerY>
             <MarkerZ>3</MarkerZ>
         </Marker>
         <Marker>
             <MarkerX>1032</MarkerX>
             <MarkerY>903</MarkerY>
             <MarkerZ>3</MarkerZ>
         </Marker>
         <Marker>
             <MarkerX>1044</MarkerX>
             <MarkerY>840</MarkerY>
             <MarkerZ>3</MarkerZ>
         </Marker>
         <Marker>
             <MarkerX>1014</MarkerX>
             <MarkerY>804</MarkerY>
             <MarkerZ>3</MarkerZ>
         </Marker>
         <Marker>
             <MarkerX>1050</MarkerX>
             <MarkerY>768</MarkerY>
             <MarkerZ>3</MarkerZ>
         </Marker>
         <Marker>
             <MarkerX>1038</MarkerX>
             <MarkerY>723</MarkerY>
             <MarkerZ>3</MarkerZ>
         </Marker>
         <Marker>
             <MarkerX>1107</MarkerX>
             <MarkerY>864</MarkerY>
             <MarkerZ>3</MarkerZ>
         </Marker>
         <Marker>
             <MarkerX>891</MarkerX>
             <MarkerY>981</MarkerY>
             <MarkerZ>3</MarkerZ>
         </Marker>
         <Marker>
             <MarkerX>249</MarkerX>
             <MarkerY>795</MarkerY>
             <MarkerZ>3</MarkerZ>
         </Marker>
         <Marker>
             <MarkerX>357</MarkerX>
             <MarkerY>849</MarkerY>
             <MarkerZ>3</MarkerZ>
         </Marker>
         <Marker>
             <MarkerX>366</MarkerX>
             <MarkerY>786</MarkerY>
             <MarkerZ>3</MarkerZ>
         </Marker>
         <Marker>
             <MarkerX>264</MarkerX>
             <MarkerY>840</MarkerY>
             <MarkerZ>3</MarkerZ>
         </Marker>
         <Marker>
             <MarkerX>141</MarkerX>
             <MarkerY>954</MarkerY>
             <MarkerZ>3</MarkerZ>
         </Marker>
         <Marker>
             <MarkerX>189</MarkerX>
             <MarkerY>963</MarkerY>
             <MarkerZ>3</MarkerZ>
         </Marker>
         <Marker>
             <MarkerX>204</MarkerX>
             <MarkerY>1002</MarkerY>
             <MarkerZ>3</MarkerZ>
         </Marker>
         <Marker>
             <MarkerX>207</MarkerX>
             <MarkerY>1023</MarkerY>
             <MarkerZ>3</MarkerZ>
         </Marker>
         <Marker>
             <MarkerX>117</MarkerX>
             <MarkerY>990</MarkerY>
             <MarkerZ>3</MarkerZ>
         </Marker>
         <Marker>
             <MarkerX>120</MarkerX>
             <MarkerY>1056</MarkerY>
             <MarkerZ>3</MarkerZ>
         </Marker>
         <Marker>
             <MarkerX>78</MarkerX>
             <MarkerY>1080</MarkerY>
             <MarkerZ>3</MarkerZ>
         </Marker>
         <Marker>
             <MarkerX>27</MarkerX>
             <MarkerY>996</MarkerY>
             <MarkerZ>3</MarkerZ>
         </Marker>
         <Marker>
             <MarkerX>24</MarkerX>
             <MarkerY>918</MarkerY>
             <MarkerZ>3</MarkerZ>
         </Marker>
         <Marker>
             <MarkerX>93</MarkerX>
             <MarkerY>1146</MarkerY>
             <MarkerZ>3</MarkerZ>
         </Marker>
         <Marker>
             <MarkerX>120</MarkerX>
             <MarkerY>1206</MarkerY>
             <MarkerZ>3</MarkerZ>
         </Marker>
         <Marker>
             <MarkerX>174</MarkerX>
             <MarkerY>1137</MarkerY>
             <MarkerZ>3</MarkerZ>
         </Marker>
         <Marker>
             <MarkerX>213</MarkerX>
             <MarkerY>1212</MarkerY>
             <MarkerZ>3</MarkerZ>
         </Marker>
         <Marker>
             <MarkerX>207</MarkerX>
             <MarkerY>1080</MarkerY>
             <MarkerZ>3</MarkerZ>
         </Marker>
         <Marker>
             <MarkerX>261</MarkerX>
             <MarkerY>1140</MarkerY>
             <MarkerZ>3</MarkerZ>
         </Marker>
         <Marker>
             <MarkerX>273</MarkerX>
             <MarkerY>1188</MarkerY>
             <MarkerZ>3</MarkerZ>
         </Marker>
         <Marker>
             <MarkerX>297</MarkerX>
             <MarkerY>978</MarkerY>
             <MarkerZ>3</MarkerZ>
         </Marker>
         <Marker>
             <MarkerX>339</MarkerX>
             <MarkerY>960</MarkerY>
             <MarkerZ>3</MarkerZ>
         </Marker>
         <Marker>
             <MarkerX>414</MarkerX>
             <MarkerY>969</MarkerY>
             <MarkerZ>3</MarkerZ>
         </Marker>
         <Marker>
             <MarkerX>414</MarkerX>
             <MarkerY>1053</MarkerY>
             <MarkerZ>3</MarkerZ>
         </Marker>
         <Marker>
             <MarkerX>444</MarkerX>
             <MarkerY>1002</MarkerY>
             <MarkerZ>3</MarkerZ>
         </Marker>
         <Marker>
             <MarkerX>522</MarkerX>
             <MarkerY>1035</MarkerY>
             <MarkerZ>3</MarkerZ>
         </Marker>
         <Marker>
             <MarkerX>564</MarkerX>
             <MarkerY>960</MarkerY>
             <MarkerZ>3</MarkerZ>
         </Marker>
         <Marker>
             <MarkerX>585</MarkerX>
             <MarkerY>1065</MarkerY>
             <MarkerZ>3</MarkerZ>
         </Marker>
         <Marker>
             <MarkerX>618</MarkerX>
             <MarkerY>1065</MarkerY>
             <MarkerZ>3</MarkerZ>
         </Marker>
         <Marker>
             <MarkerX>579</MarkerX>
             <MarkerY>1110</MarkerY>
             <MarkerZ>3</MarkerZ>
         </Marker>
         <Marker>
             <MarkerX>555</MarkerX>
             <MarkerY>1161</MarkerY>
             <MarkerZ>3</MarkerZ>
         </Marker>
         <Marker>
             <MarkerX>531</MarkerX>
             <MarkerY>1206</MarkerY>
             <MarkerZ>3</MarkerZ>
         </Marker>
         <Marker>
             <MarkerX>468</MarkerX>
             <MarkerY>1212</MarkerY>
             <MarkerZ>3</MarkerZ>
         </Marker>
         <Marker>
             <MarkerX>444</MarkerX>
             <MarkerY>1170</MarkerY>
             <MarkerZ>3</MarkerZ>
         </Marker>
         <Marker>
             <MarkerX>387</MarkerX>
             <MarkerY>1167</MarkerY>
             <MarkerZ>3</MarkerZ>
         </Marker>
         <Marker>
             <MarkerX>378</MarkerX>
             <MarkerY>1095</MarkerY>
             <MarkerZ>3</MarkerZ>
         </Marker>
         <Marker>
             <MarkerX>306</MarkerX>
             <MarkerY>1074</MarkerY>
             <MarkerZ>3</MarkerZ>
         </Marker>
         <Marker>
             <MarkerX>363</MarkerX>
             <MarkerY>1200</MarkerY>
             <MarkerZ>3</MarkerZ>
         </Marker>
         <Marker>
             <MarkerX>390</MarkerX>
             <MarkerY>1227</MarkerY>
             <MarkerZ>3</MarkerZ>
         </Marker>
         <Marker>
             <MarkerX>348</MarkerX>
             <MarkerY>1338</MarkerY>
             <MarkerZ>3</MarkerZ>
         </Marker>
         <Marker>
             <MarkerX>303</MarkerX>
             <MarkerY>1302</MarkerY>
             <MarkerZ>3</MarkerZ>
         </Marker>
         <Marker>
             <MarkerX>189</MarkerX>
             <MarkerY>1281</MarkerY>
             <MarkerZ>3</MarkerZ>
         </Marker>
         <Marker>
             <MarkerX>171</MarkerX>
             <MarkerY>1365</MarkerY>
             <MarkerZ>3</MarkerZ>
         </Marker>
         <Marker>
             <MarkerX>99</MarkerX>
             <MarkerY>1344</MarkerY>
             <MarkerZ>3</MarkerZ>
         </Marker>
         <Marker>
             <MarkerX>120</MarkerX>
             <MarkerY>1419</MarkerY>
             <MarkerZ>3</MarkerZ>
         </Marker>
         <Marker>
             <MarkerX>168</MarkerX>
             <MarkerY>1458</MarkerY>
             <MarkerZ>3</MarkerZ>
         </Marker>
         <Marker>
             <MarkerX>168</MarkerX>
             <MarkerY>1479</MarkerY>
             <MarkerZ>3</MarkerZ>
         </Marker>
         <Marker>
             <MarkerX>111</MarkerX>
             <MarkerY>1467</MarkerY>
             <MarkerZ>3</MarkerZ>
         </Marker>
         <Marker>
             <MarkerX>18</MarkerX>
             <MarkerY>1305</MarkerY>
             <MarkerZ>3</MarkerZ>
         </Marker>
         <Marker>
             <MarkerX>276</MarkerX>
             <MarkerY>1482</MarkerY>
             <MarkerZ>3</MarkerZ>
         </Marker>
         <Marker>
             <MarkerX>324</MarkerX>
             <MarkerY>1437</MarkerY>
             <MarkerZ>3</MarkerZ>
         </Marker>
         <Marker>
             <MarkerX>318</MarkerX>
             <MarkerY>1386</MarkerY>
             <MarkerZ>3</MarkerZ>
         </Marker>
         <Marker>
             <MarkerX>372</MarkerX>
             <MarkerY>1491</MarkerY>
             <MarkerZ>3</MarkerZ>
         </Marker>
         <Marker>
             <MarkerX>405</MarkerX>
             <MarkerY>1353</MarkerY>
             <MarkerZ>3</MarkerZ>
         </Marker>
         <Marker>
             <MarkerX>399</MarkerX>
             <MarkerY>1308</MarkerY>
             <MarkerZ>3</MarkerZ>
         </Marker>
         <Marker>
             <MarkerX>483</MarkerX>
             <MarkerY>1332</MarkerY>
             <MarkerZ>3</MarkerZ>
         </Marker>
         <Marker>
             <MarkerX>516</MarkerX>
             <MarkerY>1347</MarkerY>
             <MarkerZ>3</MarkerZ>
         </Marker>
         <Marker>
             <MarkerX>576</MarkerX>
             <MarkerY>1344</MarkerY>
             <MarkerZ>3</MarkerZ>
         </Marker>
         <Marker>
             <MarkerX>567</MarkerX>
             <MarkerY>1290</MarkerY>
             <MarkerZ>3</MarkerZ>
         </Marker>
         <Marker>
             <MarkerX>594</MarkerX>
             <MarkerY>1248</MarkerY>
             <MarkerZ>3</MarkerZ>
         </Marker>
         <Marker>
             <MarkerX>642</MarkerX>
             <MarkerY>1188</MarkerY>
             <MarkerZ>3</MarkerZ>
         </Marker>
         <Marker>
             <MarkerX>687</MarkerX>
             <MarkerY>1269</MarkerY>
             <MarkerZ>3</MarkerZ>
         </Marker>
         <Marker>
             <MarkerX>732</MarkerX>
             <MarkerY>1074</MarkerY>
             <MarkerZ>3</MarkerZ>
         </Marker>
         <Marker>
             <MarkerX>780</MarkerX>
             <MarkerY>1215</MarkerY>
             <MarkerZ>3</MarkerZ>
         </Marker>
         <Marker>
             <MarkerX>837</MarkerX>
             <MarkerY>1128</MarkerY>
             <MarkerZ>3</MarkerZ>
         </Marker>
         <Marker>
             <MarkerX>885</MarkerX>
             <MarkerY>1230</MarkerY>
             <MarkerZ>3</MarkerZ>
         </Marker>
         <Marker>
             <MarkerX>930</MarkerX>
             <MarkerY>1182</MarkerY>
             <MarkerZ>3</MarkerZ>
         </Marker>
         <Marker>
             <MarkerX>975</MarkerX>
             <MarkerY>1083</MarkerY>
             <MarkerZ>3</MarkerZ>
         </Marker>
         <Marker>
             <MarkerX>822</MarkerX>
             <MarkerY>1335</MarkerY>
             <MarkerZ>3</MarkerZ>
         </Marker>
         <Marker>
             <MarkerX>825</MarkerX>
             <MarkerY>1410</MarkerY>
             <MarkerZ>3</MarkerZ>
         </Marker>
         <Marker>
             <MarkerX>693</MarkerX>
             <MarkerY>1395</MarkerY>
             <MarkerZ>3</MarkerZ>
         </Marker>
         <Marker>
             <MarkerX>630</MarkerX>
             <MarkerY>1428</MarkerY>
             <MarkerZ>3</MarkerZ>
         </Marker>
         <Marker>
             <MarkerX>534</MarkerX>
             <MarkerY>1395</MarkerY>
             <MarkerZ>3</MarkerZ>
         </Marker>
         <Marker>
             <MarkerX>513</MarkerX>
             <MarkerY>1443</MarkerY>
             <MarkerZ>3</MarkerZ>
         </Marker>
         <Marker>
             <MarkerX>519</MarkerX>
             <MarkerY>1509</MarkerY>
             <MarkerZ>3</MarkerZ>
         </Marker>
         <Marker>
             <MarkerX>732</MarkerX>
             <MarkerY>1488</MarkerY>
             <MarkerZ>3</MarkerZ>
         </Marker>
         <Marker>
             <MarkerX>873</MarkerX>
             <MarkerY>1512</MarkerY>
             <MarkerZ>3</MarkerZ>
         </Marker>
         <Marker>
             <MarkerX>900</MarkerX>
             <MarkerY>1425</MarkerY>
             <MarkerZ>3</MarkerZ>
         </Marker>
         <Marker>
             <MarkerX>966</MarkerX>
             <MarkerY>1356</MarkerY>
             <MarkerZ>3</MarkerZ>
         </Marker>
         <Marker>
             <MarkerX>951</MarkerX>
             <MarkerY>1272</MarkerY>
             <MarkerZ>3</MarkerZ>
         </Marker>
         <Marker>
             <MarkerX>990</MarkerX>
             <MarkerY>1290</MarkerY>
             <MarkerZ>3</MarkerZ>
         </Marker>
         <Marker>
             <MarkerX>1023</MarkerX>
             <MarkerY>1254</MarkerY>
             <MarkerZ>3</MarkerZ>
         </Marker>
         <Marker>
             <MarkerX>1065</MarkerX>
             <MarkerY>1362</MarkerY>
             <MarkerZ>3</MarkerZ>
         </Marker>
         <Marker>
             <MarkerX>1047</MarkerX>
             <MarkerY>1434</MarkerY>
             <MarkerZ>3</MarkerZ>
         </Marker>
         <Marker>
             <MarkerX>1008</MarkerX>
             <MarkerY>1206</MarkerY>
             <MarkerZ>3</MarkerZ>
         </Marker>
         <Marker>
             <MarkerX>1014</MarkerX>
             <MarkerY>1155</MarkerY>
             <MarkerZ>3</MarkerZ>
         </Marker>
         <Marker>
             <MarkerX>1020</MarkerX>
             <MarkerY>1092</MarkerY>
             <MarkerZ>3</MarkerZ>
         </Marker>
         <Marker>
             <MarkerX>1050</MarkerX>
             <MarkerY>1128</MarkerY>
             <MarkerZ>3</MarkerZ>
         </Marker>
         <Marker>
             <MarkerX>1107</MarkerX>
             <MarkerY>1212</MarkerY>
             <MarkerZ>3</MarkerZ>
         </Marker>
         <Marker>
             <MarkerX>1131</MarkerX>
             <MarkerY>1251</MarkerY>
             <MarkerZ>3</MarkerZ>
         </Marker>
         <Marker>
             <MarkerX>1128</MarkerX>
             <MarkerY>1323</MarkerY>
             <MarkerZ>3</MarkerZ>
         </Marker>
         <Marker>
             <MarkerX>1206</MarkerX>
             <MarkerY>1212</MarkerY>
             <MarkerZ>3</MarkerZ>
         </Marker>
         <Marker>
             <MarkerX>1188</MarkerX>
             <MarkerY>1368</MarkerY>
             <MarkerZ>3</MarkerZ>
         </Marker>
         <Marker>
             <MarkerX>1197</MarkerX>
             <MarkerY>1419</MarkerY>
             <MarkerZ>3</MarkerZ>
         </Marker>
         <Marker>
             <MarkerX>1233</MarkerX>
             <MarkerY>1422</MarkerY>
             <MarkerZ>3</MarkerZ>
         </Marker>
         <Marker>
             <MarkerX>1317</MarkerX>
             <MarkerY>1416</MarkerY>
             <MarkerZ>3</MarkerZ>
         </Marker>
         <Marker>
             <MarkerX>1332</MarkerX>
             <MarkerY>1371</MarkerY>
             <MarkerZ>3</MarkerZ>
         </Marker>
         <Marker>
             <MarkerX>1275</MarkerX>
             <MarkerY>1353</MarkerY>
             <MarkerZ>3</MarkerZ>
         </Marker>
         <Marker>
             <MarkerX>1266</MarkerX>
             <MarkerY>1293</MarkerY>
             <MarkerZ>3</MarkerZ>
         </Marker>
         <Marker>
             <MarkerX>1173</MarkerX>
             <MarkerY>1491</MarkerY>
             <MarkerZ>3</MarkerZ>
         </Marker>
         <Marker>
             <MarkerX>1158</MarkerX>
             <MarkerY>1455</MarkerY>
             <MarkerZ>3</MarkerZ>
         </Marker>
         <Marker>
             <MarkerX>1221</MarkerX>
             <MarkerY>1485</MarkerY>
             <MarkerZ>3</MarkerZ>
         </Marker>
         <Marker>
             <MarkerX>1272</MarkerX>
             <MarkerY>1500</MarkerY>
             <MarkerZ>3</MarkerZ>
         </Marker>
         <Marker>
             <MarkerX>1287</MarkerX>
             <MarkerY>1473</MarkerY>
             <MarkerZ>3</MarkerZ>
         </Marker>
         <Marker>
             <MarkerX>1302</MarkerX>
             <MarkerY>1482</MarkerY>
             <MarkerZ>3</MarkerZ>
         </Marker>
         <Marker>
             <MarkerX>1410</MarkerX>
             <MarkerY>1446</MarkerY>
             <MarkerZ>3</MarkerZ>
         </Marker>
         <Marker>
             <MarkerX>1407</MarkerX>
             <MarkerY>1488</MarkerY>
             <MarkerZ>3</MarkerZ>
         </Marker>
         <Marker>
             <MarkerX>1431</MarkerX>
             <MarkerY>1410</MarkerY>
             <MarkerZ>3</MarkerZ>
         </Marker>
         <Marker>
             <MarkerX>1467</MarkerX>
             <MarkerY>1392</MarkerY>
             <MarkerZ>3</MarkerZ>
         </Marker>
         <Marker>
             <MarkerX>1392</MarkerX>
             <MarkerY>1353</MarkerY>
             <MarkerZ>3</MarkerZ>
         </Marker>
         <Marker>
             <MarkerX>1341</MarkerX>
             <MarkerY>1284</MarkerY>
             <MarkerZ>3</MarkerZ>
         </Marker>
         <Marker>
             <MarkerX>1416</MarkerX>
             <MarkerY>1287</MarkerY>
             <MarkerZ>3</MarkerZ>
         </Marker>
         <Marker>
             <MarkerX>1407</MarkerX>
             <MarkerY>1206</MarkerY>
             <MarkerZ>3</MarkerZ>
         </Marker>
         <Marker>
             <MarkerX>1389</MarkerX>
             <MarkerY>1113</MarkerY>
             <MarkerZ>3</MarkerZ>
         </Marker>
         <Marker>
             <MarkerX>1320</MarkerX>
             <MarkerY>1134</MarkerY>
             <MarkerZ>3</MarkerZ>
         </Marker>
         <Marker>
             <MarkerX>1311</MarkerX>
             <MarkerY>1065</MarkerY>
             <MarkerZ>3</MarkerZ>
         </Marker>
         <Marker>
             <MarkerX>1245</MarkerX>
             <MarkerY>1059</MarkerY>
             <MarkerZ>3</MarkerZ>
         </Marker>
         <Marker>
             <MarkerX>1215</MarkerX>
             <MarkerY>1038</MarkerY>
             <MarkerZ>3</MarkerZ>
         </Marker>
         <Marker>
             <MarkerX>1131</MarkerX>
             <MarkerY>1014</MarkerY>
             <MarkerZ>3</MarkerZ>
         </Marker>
         <Marker>
             <MarkerX>1242</MarkerX>
             <MarkerY>954</MarkerY>
             <MarkerZ>3</MarkerZ>
         </Marker>
         <Marker>
             <MarkerX>1317</MarkerX>
             <MarkerY>936</MarkerY>
             <MarkerZ>3</MarkerZ>
         </Marker>
         <Marker>
             <MarkerX>1485</MarkerX>
             <MarkerY>1038</MarkerY>
             <MarkerZ>3</MarkerZ>
         </Marker>
         <Marker>
             <MarkerX>1545</MarkerX>
             <MarkerY>1077</MarkerY>
             <MarkerZ>3</MarkerZ>
         </Marker>
         <Marker>
             <MarkerX>1566</MarkerX>
             <MarkerY>1029</MarkerY>
             <MarkerZ>3</MarkerZ>
         </Marker>
         <Marker>
             <MarkerX>1596</MarkerX>
             <MarkerY>1074</MarkerY>
             <MarkerZ>3</MarkerZ>
         </Marker>
         <Marker>
             <MarkerX>1635</MarkerX>
             <MarkerY>990</MarkerY>
             <MarkerZ>3</MarkerZ>
         </Marker>
         <Marker>
             <MarkerX>1497</MarkerX>
             <MarkerY>1128</MarkerY>
             <MarkerZ>3</MarkerZ>
         </Marker>
         <Marker>
             <MarkerX>1497</MarkerX>
             <MarkerY>1158</MarkerY>
             <MarkerZ>3</MarkerZ>
         </Marker>
         <Marker>
             <MarkerX>1497</MarkerX>
             <MarkerY>1212</MarkerY>
             <MarkerZ>3</MarkerZ>
         </Marker>
         <Marker>
             <MarkerX>1497</MarkerX>
             <MarkerY>1296</MarkerY>
             <MarkerZ>3</MarkerZ>
         </Marker>
         <Marker>
             <MarkerX>1530</MarkerX>
             <MarkerY>1398</MarkerY>
             <MarkerZ>3</MarkerZ>
         </Marker>
         <Marker>
             <MarkerX>1572</MarkerX>
             <MarkerY>1410</MarkerY>
             <MarkerZ>3</MarkerZ>
         </Marker>
         <Marker>
             <MarkerX>1593</MarkerX>
             <MarkerY>1338</MarkerY>
             <MarkerZ>3</MarkerZ>
         </Marker>
         <Marker>
             <MarkerX>1611</MarkerX>
             <MarkerY>1311</MarkerY>
             <MarkerZ>3</MarkerZ>
         </Marker>
         <Marker>
             <MarkerX>1641</MarkerX>
             <MarkerY>1317</MarkerY>
             <MarkerZ>3</MarkerZ>
         </Marker>
         <Marker>
             <MarkerX>1593</MarkerX>
             <MarkerY>1242</MarkerY>
             <MarkerZ>3</MarkerZ>
         </Marker>
         <Marker>
             <MarkerX>1635</MarkerX>
             <MarkerY>1233</MarkerY>
             <MarkerZ>3</MarkerZ>
         </Marker>
         <Marker>
             <MarkerX>1692</MarkerX>
             <MarkerY>1203</MarkerY>
             <MarkerZ>3</MarkerZ>
         </Marker>
         <Marker>
             <MarkerX>1692</MarkerX>
             <MarkerY>1251</MarkerY>
             <MarkerZ>3</MarkerZ>
         </Marker>
         <Marker>
             <MarkerX>1737</MarkerX>
             <MarkerY>1290</MarkerY>
             <MarkerZ>3</MarkerZ>
         </Marker>
         <Marker>
             <MarkerX>1761</MarkerX>
             <MarkerY>1236</MarkerY>
             <MarkerZ>3</MarkerZ>
         </Marker>
         <Marker>
             <MarkerX>1761</MarkerX>
             <MarkerY>1206</MarkerY>
             <MarkerZ>3</MarkerZ>
         </Marker>
         <Marker>
             <MarkerX>1761</MarkerX>
             <MarkerY>1152</MarkerY>
             <MarkerZ>3</MarkerZ>
         </Marker>
         <Marker>
             <MarkerX>1740</MarkerX>
             <MarkerY>1365</MarkerY>
             <MarkerZ>3</MarkerZ>
         </Marker>
         <Marker>
             <MarkerX>1644</MarkerX>
             <MarkerY>1401</MarkerY>
             <MarkerZ>3</MarkerZ>
         </Marker>
         <Marker>
             <MarkerX>1665</MarkerX>
             <MarkerY>1485</MarkerY>
             <MarkerZ>3</MarkerZ>
         </Marker>
         <Marker>
             <MarkerX>1608</MarkerX>
             <MarkerY>1503</MarkerY>
             <MarkerZ>3</MarkerZ>
         </Marker>
         <Marker>
             <MarkerX>1566</MarkerX>
             <MarkerY>1488</MarkerY>
             <MarkerZ>3</MarkerZ>
         </Marker>
         <Marker>
             <MarkerX>1527</MarkerX>
             <MarkerY>1449</MarkerY>
             <MarkerZ>3</MarkerZ>
         </Marker>
         <Marker>
             <MarkerX>1500</MarkerX>
             <MarkerY>1485</MarkerY>
             <MarkerZ>3</MarkerZ>
         </Marker>
         <Marker>
             <MarkerX>1713</MarkerX>
             <MarkerY>1440</MarkerY>
             <MarkerZ>3</MarkerZ>
         </Marker>
         <Marker>
             <MarkerX>1761</MarkerX>
             <MarkerY>1488</MarkerY>
             <MarkerZ>3</MarkerZ>
         </Marker>
         <Marker>
             <MarkerX>1809</MarkerX>
             <MarkerY>1422</MarkerY>
             <MarkerZ>3</MarkerZ>
         </Marker>
         <Marker>
             <MarkerX>1872</MarkerX>
             <MarkerY>1458</MarkerY>
             <MarkerZ>3</MarkerZ>
         </Marker>
         <Marker>
             <MarkerX>1842</MarkerX>
             <MarkerY>1374</MarkerY>
             <MarkerZ>3</MarkerZ>
         </Marker>
         <Marker>
             <MarkerX>1878</MarkerX>
             <MarkerY>1173</MarkerY>
             <MarkerZ>3</MarkerZ>
         </Marker>
         <Marker>
             <MarkerX>1872</MarkerX>
             <MarkerY>1095</MarkerY>
             <MarkerZ>3</MarkerZ>
         </Marker>
         <Marker>
             <MarkerX>1830</MarkerX>
             <MarkerY>999</MarkerY>
             <MarkerZ>3</MarkerZ>
         </Marker>
         <Marker>
             <MarkerX>1539</MarkerX>
             <MarkerY>927</MarkerY>
             <MarkerZ>3</MarkerZ>
         </Marker>
         <Marker>
             <MarkerX>1578</MarkerX>
             <MarkerY>867</MarkerY>
             <MarkerZ>3</MarkerZ>
         </Marker>
         <Marker>
             <MarkerX>1623</MarkerX>
             <MarkerY>915</MarkerY>
             <MarkerZ>3</MarkerZ>
         </Marker>
         <Marker>
             <MarkerX>1542</MarkerX>
             <MarkerY>837</MarkerY>
             <MarkerZ>3</MarkerZ>
         </Marker>
         <Marker>
             <MarkerX>1485</MarkerX>
             <MarkerY>843</MarkerY>
             <MarkerZ>3</MarkerZ>
         </Marker>
         <Marker>
             <MarkerX>1467</MarkerX>
             <MarkerY>765</MarkerY>
             <MarkerZ>3</MarkerZ>
         </Marker>
         <Marker>
             <MarkerX>1356</MarkerX>
             <MarkerY>810</MarkerY>
             <MarkerZ>3</MarkerZ>
         </Marker>
         <Marker>
             <MarkerX>1290</MarkerX>
             <MarkerY>750</MarkerY>
             <MarkerZ>3</MarkerZ>
         </Marker>
         <Marker>
             <MarkerX>1227</MarkerX>
             <MarkerY>741</MarkerY>
             <MarkerZ>3</MarkerZ>
         </Marker>
         <Marker>
             <MarkerX>1248</MarkerX>
             <MarkerY>711</MarkerY>
             <MarkerZ>3</MarkerZ>
         </Marker>
         <Marker>
             <MarkerX>1152</MarkerX>
             <MarkerY>744</MarkerY>
             <MarkerZ>3</MarkerZ>
         </Marker>
         <Marker>
             <MarkerX>1107</MarkerX>
             <MarkerY>726</MarkerY>
             <MarkerZ>3</MarkerZ>
         </Marker>
         <Marker>
             <MarkerX>1083</MarkerX>
             <MarkerY>648</MarkerY>
             <MarkerZ>3</MarkerZ>
         </Marker>
         <Marker>
             <MarkerX>1146</MarkerX>
             <MarkerY>639</MarkerY>
             <MarkerZ>3</MarkerZ>
         </Marker>
         <Marker>
             <MarkerX>1173</MarkerX>
             <MarkerY>684</MarkerY>
             <MarkerZ>3</MarkerZ>
         </Marker>
         <Marker>
             <MarkerX>1233</MarkerX>
             <MarkerY>639</MarkerY>
             <MarkerZ>3</MarkerZ>
         </Marker>
         <Marker>
             <MarkerX>1185</MarkerX>
             <MarkerY>558</MarkerY>
             <MarkerZ>3</MarkerZ>
         </Marker>
         <Marker>
             <MarkerX>1134</MarkerX>
             <MarkerY>471</MarkerY>
             <MarkerZ>3</MarkerZ>
         </Marker>
         <Marker>
             <MarkerX>1257</MarkerX>
             <MarkerY>585</MarkerY>
             <MarkerZ>3</MarkerZ>
         </Marker>
         <Marker>
             <MarkerX>1320</MarkerX>
             <MarkerY>615</MarkerY>
             <MarkerZ>3</MarkerZ>
         </Marker>
         <Marker>
             <MarkerX>1332</MarkerX>
             <MarkerY>672</MarkerY>
             <MarkerZ>3</MarkerZ>
         </Marker>
         <Marker>
             <MarkerX>1422</MarkerX>
             <MarkerY>678</MarkerY>
             <MarkerZ>3</MarkerZ>
         </Marker>
         <Marker>
             <MarkerX>1368</MarkerX>
             <MarkerY>564</MarkerY>
             <MarkerZ>3</MarkerZ>
         </Marker>
         <Marker>
             <MarkerX>1308</MarkerX>
             <MarkerY>537</MarkerY>
             <MarkerZ>3</MarkerZ>
         </Marker>
         <Marker>
             <MarkerX>1335</MarkerX>
             <MarkerY>495</MarkerY>
             <MarkerZ>3</MarkerZ>
         </Marker>
         <Marker>
             <MarkerX>1389</MarkerX>
             <MarkerY>483</MarkerY>
             <MarkerZ>3</MarkerZ>
         </Marker>
         <Marker>
             <MarkerX>1467</MarkerX>
             <MarkerY>465</MarkerY>
             <MarkerZ>3</MarkerZ>
         </Marker>
         <Marker>
             <MarkerX>1509</MarkerX>
             <MarkerY>534</MarkerY>
             <MarkerZ>3</MarkerZ>
         </Marker>
         <Marker>
             <MarkerX>1518</MarkerX>
             <MarkerY>600</MarkerY>
             <MarkerZ>3</MarkerZ>
         </Marker>
         <Marker>
             <MarkerX>1536</MarkerX>
             <MarkerY>642</MarkerY>
             <MarkerZ>3</MarkerZ>
         </Marker>
         <Marker>
             <MarkerX>1545</MarkerX>
             <MarkerY>714</MarkerY>
             <MarkerZ>3</MarkerZ>
         </Marker>
         <Marker>
             <MarkerX>1446</MarkerX>
             <MarkerY>579</MarkerY>
             <MarkerZ>3</MarkerZ>
         </Marker>
         <Marker>
             <MarkerX>1629</MarkerX>
             <MarkerY>651</MarkerY>
             <MarkerZ>3</MarkerZ>
         </Marker>
         <Marker>
             <MarkerX>1644</MarkerX>
             <MarkerY>753</MarkerY>
             <MarkerZ>3</MarkerZ>
         </Marker>
         <Marker>
             <MarkerX>1737</MarkerX>
             <MarkerY>756</MarkerY>
             <MarkerZ>3</MarkerZ>
         </Marker>
         <Marker>
             <MarkerX>1758</MarkerX>
             <MarkerY>810</MarkerY>
             <MarkerZ>3</MarkerZ>
         </Marker>
         <Marker>
             <MarkerX>1830</MarkerX>
             <MarkerY>798</MarkerY>
             <MarkerZ>3</MarkerZ>
         </Marker>
         <Marker>
             <MarkerX>1788</MarkerX>
             <MarkerY>882</MarkerY>
             <MarkerZ>3</MarkerZ>
         </Marker>
         <Marker>
             <MarkerX>1827</MarkerX>
             <MarkerY>735</MarkerY>
             <MarkerZ>3</MarkerZ>
         </Marker>
         <Marker>
             <MarkerX>1890</MarkerX>
             <MarkerY>714</MarkerY>
             <MarkerZ>3</MarkerZ>
         </Marker>
         <Marker>
             <MarkerX>1854</MarkerX>
             <MarkerY>591</MarkerY>
             <MarkerZ>3</MarkerZ>
         </Marker>
         <Marker>
             <MarkerX>1869</MarkerX>
             <MarkerY>489</MarkerY>
             <MarkerZ>3</MarkerZ>
         </Marker>
         <Marker>
             <MarkerX>1743</MarkerX>
             <MarkerY>600</MarkerY>
             <MarkerZ>3</MarkerZ>
         </Marker>
         <Marker>
             <MarkerX>1716</MarkerX>
             <MarkerY>549</MarkerY>
             <MarkerZ>3</MarkerZ>
         </Marker>
         <Marker>
             <MarkerX>1773</MarkerX>
             <MarkerY>489</MarkerY>
             <MarkerZ>3</MarkerZ>
         </Marker>
         <Marker>
             <MarkerX>1791</MarkerX>
             <MarkerY>426</MarkerY>
             <MarkerZ>3</MarkerZ>
         </Marker>
         <Marker>
             <MarkerX>1722</MarkerX>
             <MarkerY>453</MarkerY>
             <MarkerZ>3</MarkerZ>
         </Marker>
         <Marker>
             <MarkerX>1602</MarkerX>
             <MarkerY>495</MarkerY>
             <MarkerZ>3</MarkerZ>
         </Marker>
         <Marker>
             <MarkerX>1431</MarkerX>
             <MarkerY>402</MarkerY>
             <MarkerZ>3</MarkerZ>
         </Marker>
         <Marker>
             <MarkerX>1563</MarkerX>
             <MarkerY>402</MarkerY>
             <MarkerZ>3</MarkerZ>
         </Marker>
         <Marker>
             <MarkerX>1617</MarkerX>
             <MarkerY>399</MarkerY>
             <MarkerZ>3</MarkerZ>
         </Marker>
         <Marker>
             <MarkerX>1665</MarkerX>
             <MarkerY>327</MarkerY>
             <MarkerZ>3</MarkerZ>
         </Marker>
         <Marker>
             <MarkerX>1731</MarkerX>
             <MarkerY>375</MarkerY>
             <MarkerZ>3</MarkerZ>
         </Marker>
         <Marker>
             <MarkerX>1830</MarkerX>
             <MarkerY>360</MarkerY>
             <MarkerZ>3</MarkerZ>
         </Marker>
         <Marker>
             <MarkerX>1845</MarkerX>
             <MarkerY>213</MarkerY>
             <MarkerZ>3</MarkerZ>
         </Marker>
         <Marker>
             <MarkerX>1887</MarkerX>
             <MarkerY>213</MarkerY>
             <MarkerZ>3</MarkerZ>
         </Marker>
         <Marker>
             <MarkerX>1827</MarkerX>
             <MarkerY>135</MarkerY>
             <MarkerZ>3</MarkerZ>
         </Marker>
         <Marker>
             <MarkerX>1758</MarkerX>
             <MarkerY>219</MarkerY>
             <MarkerZ>3</MarkerZ>
         </Marker>
         <Marker>
             <MarkerX>1683</MarkerX>
             <MarkerY>234</MarkerY>
             <MarkerZ>3</MarkerZ>
         </Marker>
         <Marker>
             <MarkerX>1668</MarkerX>
             <MarkerY>180</MarkerY>
             <MarkerZ>3</MarkerZ>
         </Marker>
         <Marker>
             <MarkerX>1710</MarkerX>
             <MarkerY>153</MarkerY>
             <MarkerZ>3</MarkerZ>
         </Marker>
         <Marker>
             <MarkerX>1731</MarkerX>
             <MarkerY>87</MarkerY>
             <MarkerZ>3</MarkerZ>
         </Marker>
         <Marker>
             <MarkerX>1677</MarkerX>
             <MarkerY>21</MarkerY>
             <MarkerZ>3</MarkerZ>
         </Marker>
         <Marker>
             <MarkerX>1638</MarkerX>
             <MarkerY>6</MarkerY>
             <MarkerZ>3</MarkerZ>
         </Marker>
         <Marker>
             <MarkerX>1623</MarkerX>
             <MarkerY>42</MarkerY>
             <MarkerZ>3</MarkerZ>
         </Marker>
         <Marker>
             <MarkerX>1581</MarkerX>
             <MarkerY>108</MarkerY>
             <MarkerZ>3</MarkerZ>
         </Marker>
         <Marker>
             <MarkerX>1533</MarkerX>
             <MarkerY>30</MarkerY>
             <MarkerZ>3</MarkerZ>
         </Marker>
         <Marker>
             <MarkerX>1518</MarkerX>
             <MarkerY>75</MarkerY>
             <MarkerZ>3</MarkerZ>
         </Marker>
         <Marker>
             <MarkerX>1557</MarkerX>
             <MarkerY>180</MarkerY>
             <MarkerZ>3</MarkerZ>
         </Marker>
         <Marker>
             <MarkerX>1584</MarkerX>
             <MarkerY>231</MarkerY>
             <MarkerZ>3</MarkerZ>
         </Marker>
         <Marker>
             <MarkerX>1572</MarkerX>
             <MarkerY>324</MarkerY>
             <MarkerZ>3</MarkerZ>
         </Marker>
         <Marker>
             <MarkerX>1503</MarkerX>
             <MarkerY>363</MarkerY>
             <MarkerZ>3</MarkerZ>
         </Marker>
         <Marker>
             <MarkerX>1515</MarkerX>
             <MarkerY>291</MarkerY>
             <MarkerZ>3</MarkerZ>
         </Marker>
         <Marker>
             <MarkerX>1509</MarkerX>
             <MarkerY>252</MarkerY>
             <MarkerZ>3</MarkerZ>
         </Marker>
         <Marker>
             <MarkerX>1503</MarkerX>
             <MarkerY>210</MarkerY>
             <MarkerZ>3</MarkerZ>
         </Marker>
         <Marker>
             <MarkerX>1482</MarkerX>
             <MarkerY>255</MarkerY>
             <MarkerZ>3</MarkerZ>
         </Marker>
         <Marker>
             <MarkerX>1458</MarkerX>
             <MarkerY>291</MarkerY>
             <MarkerZ>3</MarkerZ>
         </Marker>
         <Marker>
             <MarkerX>1398</MarkerX>
             <MarkerY>288</MarkerY>
             <MarkerZ>3</MarkerZ>
         </Marker>
         <Marker>
             <MarkerX>1407</MarkerX>
             <MarkerY>342</MarkerY>
             <MarkerZ>3</MarkerZ>
         </Marker>
         <Marker>
             <MarkerX>1338</MarkerX>
             <MarkerY>384</MarkerY>
             <MarkerZ>3</MarkerZ>
         </Marker>
         <Marker>
             <MarkerX>1251</MarkerX>
             <MarkerY>405</MarkerY>
             <MarkerZ>3</MarkerZ>
         </Marker>
         <Marker>
             <MarkerX>1194</MarkerX>
             <MarkerY>378</MarkerY>
             <MarkerZ>3</MarkerZ>
         </Marker>
         <Marker>
             <MarkerX>1224</MarkerX>
             <MarkerY>339</MarkerY>
             <MarkerZ>3</MarkerZ>
         </Marker>
         <Marker>
             <MarkerX>1254</MarkerX>
             <MarkerY>285</MarkerY>
             <MarkerZ>3</MarkerZ>
         </Marker>
         <Marker>
             <MarkerX>1317</MarkerX>
             <MarkerY>228</MarkerY>
             <MarkerZ>3</MarkerZ>
         </Marker>
         <Marker>
             <MarkerX>1389</MarkerX>
             <MarkerY>234</MarkerY>
             <MarkerZ>3</MarkerZ>
         </Marker>
         <Marker>
             <MarkerX>1437</MarkerX>
             <MarkerY>222</MarkerY>
             <MarkerZ>3</MarkerZ>
         </Marker>
         <Marker>
             <MarkerX>1425</MarkerX>
             <MarkerY>120</MarkerY>
             <MarkerZ>3</MarkerZ>
         </Marker>
         <Marker>
             <MarkerX>1398</MarkerX>
             <MarkerY>78</MarkerY>
             <MarkerZ>3</MarkerZ>
         </Marker>
         <Marker>
             <MarkerX>1353</MarkerX>
             <MarkerY>171</MarkerY>
             <MarkerZ>3</MarkerZ>
         </Marker>
         <Marker>
             <MarkerX>1320</MarkerX>
             <MarkerY>165</MarkerY>
             <MarkerZ>3</MarkerZ>
         </Marker>
         <Marker>
             <MarkerX>1263</MarkerX>
             <MarkerY>117</MarkerY>
             <MarkerZ>3</MarkerZ>
         </Marker>
         <Marker>
             <MarkerX>1302</MarkerX>
             <MarkerY>60</MarkerY>
             <MarkerZ>3</MarkerZ>
         </Marker>
         <Marker>
             <MarkerX>1338</MarkerX>
             <MarkerY>30</MarkerY>
             <MarkerZ>3</MarkerZ>
         </Marker>
         <Marker>
             <MarkerX>1221</MarkerX>
             <MarkerY>75</MarkerY>
             <MarkerZ>3</MarkerZ>
         </Marker>
         <Marker>
             <MarkerX>1197</MarkerX>
             <MarkerY>108</MarkerY>
             <MarkerZ>3</MarkerZ>
         </Marker>
         <Marker>
             <MarkerX>1200</MarkerX>
             <MarkerY>165</MarkerY>
             <MarkerZ>3</MarkerZ>
         </Marker>
         <Marker>
             <MarkerX>1149</MarkerX>
             <MarkerY>216</MarkerY>
             <MarkerZ>3</MarkerZ>
         </Marker>
         <Marker>
             <MarkerX>1176</MarkerX>
             <MarkerY>264</MarkerY>
             <MarkerZ>3</MarkerZ>
         </Marker>
         <Marker>
             <MarkerX>1140</MarkerX>
             <MarkerY>318</MarkerY>
             <MarkerZ>3</MarkerZ>
         </Marker>
         <Marker>
             <MarkerX>1104</MarkerX>
             <MarkerY>276</MarkerY>
             <MarkerZ>3</MarkerZ>
         </Marker>
         <Marker>
             <MarkerX>1089</MarkerX>
             <MarkerY>216</MarkerY>
             <MarkerZ>3</MarkerZ>
         </Marker>
         <Marker>
             <MarkerX>1074</MarkerX>
             <MarkerY>249</MarkerY>
             <MarkerZ>3</MarkerZ>
         </Marker>
         <Marker>
             <MarkerX>1077</MarkerX>
             <MarkerY>330</MarkerY>
             <MarkerZ>3</MarkerZ>
         </Marker>
         <Marker>
             <MarkerX>1065</MarkerX>
             <MarkerY>393</MarkerY>
             <MarkerZ>3</MarkerZ>
         </Marker>
         <Marker>
             <MarkerX>1026</MarkerX>
             <MarkerY>330</MarkerY>
             <MarkerZ>3</MarkerZ>
         </Marker>
         <Marker>
             <MarkerX>1038</MarkerX>
             <MarkerY>300</MarkerY>
             <MarkerZ>3</MarkerZ>
         </Marker>
         <Marker>
             <MarkerX>1038</MarkerX>
             <MarkerY>231</MarkerY>
             <MarkerZ>3</MarkerZ>
         </Marker>
         <Marker>
             <MarkerX>1038</MarkerX>
             <MarkerY>195</MarkerY>
             <MarkerZ>3</MarkerZ>
         </Marker>
         <Marker>
             <MarkerX>1074</MarkerX>
             <MarkerY>168</MarkerY>
             <MarkerZ>3</MarkerZ>
         </Marker>
         <Marker>
             <MarkerX>1086</MarkerX>
             <MarkerY>144</MarkerY>
             <MarkerZ>3</MarkerZ>
         </Marker>
         <Marker>
             <MarkerX>1071</MarkerX>
             <MarkerY>114</MarkerY>
             <MarkerZ>3</MarkerZ>
         </Marker>
         <Marker>
             <MarkerX>1041</MarkerX>
             <MarkerY>114</MarkerY>
             <MarkerZ>3</MarkerZ>
         </Marker>
         <Marker>
             <MarkerX>1047</MarkerX>
             <MarkerY>60</MarkerY>
             <MarkerZ>3</MarkerZ>
         </Marker>
         <Marker>
             <MarkerX>1089</MarkerX>
             <MarkerY>48</MarkerY>
             <MarkerZ>3</MarkerZ>
         </Marker>
         <Marker>
             <MarkerX>1146</MarkerX>
             <MarkerY>21</MarkerY>
             <MarkerZ>3</MarkerZ>
         </Marker>
         <Marker>
             <MarkerX>1146</MarkerX>
             <MarkerY>75</MarkerY>
             <MarkerZ>3</MarkerZ>
         </Marker>
         <Marker>
             <MarkerX>1146</MarkerX>
             <MarkerY>159</MarkerY>
             <MarkerZ>3</MarkerZ>
         </Marker>
         <Marker>
             <MarkerX>999</MarkerX>
             <MarkerY>21</MarkerY>
             <MarkerZ>3</MarkerZ>
         </Marker>
         <Marker>
             <MarkerX>963</MarkerX>
             <MarkerY>225</MarkerY>
             <MarkerZ>3</MarkerZ>
         </Marker>
         <Marker>
             <MarkerX>1008</MarkerX>
             <MarkerY>216</MarkerY>
             <MarkerZ>3</MarkerZ>
         </Marker>
         <Marker>
             <MarkerX>924</MarkerX>
             <MarkerY>219</MarkerY>
             <MarkerZ>3</MarkerZ>
         </Marker>
         <Marker>
             <MarkerX>267</MarkerX>
             <MarkerY>882</MarkerY>
             <MarkerZ>3</MarkerZ>
         </Marker>
         <Marker>
             <MarkerX>309</MarkerX>
             <MarkerY>891</MarkerY>
             <MarkerZ>3</MarkerZ>
         </Marker>
         <Marker>
             <MarkerX>324</MarkerX>
             <MarkerY>882</MarkerY>
             <MarkerZ>3</MarkerZ>
         </Marker>
         <Marker>
             <MarkerX>9</MarkerX>
             <MarkerY>51</MarkerY>
             <MarkerZ>3</MarkerZ>
         </Marker>
     </Marker_Type>
     <Marker_Type>
         <Type>2</Type>
         <Marker>
             <MarkerX>633</MarkerX>
             <MarkerY>18</MarkerY>
             <MarkerZ>3</MarkerZ>
         </Marker>
         <Marker>
             <MarkerX>666</MarkerX>
             <MarkerY>9</MarkerY>
             <MarkerZ>3</MarkerZ>
         </Marker>
         <Marker>
             <MarkerX>669</MarkerX>
             <MarkerY>57</MarkerY>
             <MarkerZ>3</MarkerZ>
         </Marker>
         <Marker>
             <MarkerX>621</MarkerX>
             <MarkerY>48</MarkerY>
             <MarkerZ>3</MarkerZ>
         </Marker>
         <Marker>
             <MarkerX>924</MarkerX>
             <MarkerY>87</MarkerY>
             <MarkerZ>3</MarkerZ>
         </Marker>
         <Marker>
             <MarkerX>960</MarkerX>
             <MarkerY>108</MarkerY>
             <MarkerZ>3</MarkerZ>
         </Marker>
         <Marker>
             <MarkerX>948</MarkerX>
             <MarkerY>138</MarkerY>
             <MarkerZ>3</MarkerZ>
         </Marker>
         <Marker>
             <MarkerX>990</MarkerX>
             <MarkerY>132</MarkerY>
             <MarkerZ>3</MarkerZ>
         </Marker>
         <Marker>
             <MarkerX>966</MarkerX>
             <MarkerY>177</MarkerY>
             <MarkerZ>3</MarkerZ>
         </Marker>
         <Marker>
             <MarkerX>888</MarkerX>
             <MarkerY>171</MarkerY>
             <MarkerZ>3</MarkerZ>
         </Marker>
         <Marker>
             <MarkerX>924</MarkerX>
             <MarkerY>39</MarkerY>
             <MarkerZ>3</MarkerZ>
         </Marker>
         <Marker>
             <MarkerX>855</MarkerX>
             <MarkerY>327</MarkerY>
             <MarkerZ>3</MarkerZ>
         </Marker>
         <Marker>
             <MarkerX>849</MarkerX>
             <MarkerY>312</MarkerY>
             <MarkerZ>3</MarkerZ>
         </Marker>
         <Marker>
             <MarkerX>864</MarkerX>
             <MarkerY>291</MarkerY>
             <MarkerZ>3</MarkerZ>
         </Marker>
         <Marker>
             <MarkerX>900</MarkerX>
             <MarkerY>297</MarkerY>
             <MarkerZ>3</MarkerZ>
         </Marker>
         <Marker>
             <MarkerX>921</MarkerX>
             <MarkerY>285</MarkerY>
             <MarkerZ>3</MarkerZ>
         </Marker>
         <Marker>
             <MarkerX>960</MarkerX>
             <MarkerY>300</MarkerY>
             <MarkerZ>3</MarkerZ>
         </Marker>
         <Marker>
             <MarkerX>978</MarkerX>
             <MarkerY>267</MarkerY>
             <MarkerZ>3</MarkerZ>
         </Marker>
         <Marker>
             <MarkerX>900</MarkerX>
             <MarkerY>354</MarkerY>
             <MarkerZ>3</MarkerZ>
         </Marker>
         <Marker>
             <MarkerX>888</MarkerX>
             <MarkerY>351</MarkerY>
             <MarkerZ>3</MarkerZ>
         </Marker>
         <Marker>
             <MarkerX>933</MarkerX>
             <MarkerY>408</MarkerY>
             <MarkerZ>3</MarkerZ>
         </Marker>
         <Marker>
             <MarkerX>135</MarkerX>
             <MarkerY>825</MarkerY>
             <MarkerZ>3</MarkerZ>
         </Marker>
         <Marker>
             <MarkerX>198</MarkerX>
             <MarkerY>870</MarkerY>
             <MarkerZ>3</MarkerZ>
         </Marker>
         <Marker>
             <MarkerX>228</MarkerX>
             <MarkerY>909</MarkerY>
             <MarkerZ>3</MarkerZ>
         </Marker>
         <Marker>
             <MarkerX>216</MarkerX>
             <MarkerY>936</MarkerY>
             <MarkerZ>3</MarkerZ>
         </Marker>
     </Marker_Type>
     <Marker_Type>
         <Type>3</Type>
     </Marker_Type>
 </Marker_Data>
</CellCounter_Marker_File>
