<?xml version="1.0" encoding="UTF-8"?>
<CellCounter_Marker_File>
 <Image_Properties>
     <Image_Filename>Exp16_day03_HOE_W3_004.jpg</Image_Filename>
 </Image_Properties>
 <Marker_Data>
     <Current_Type>0</Current_Type>
     <Marker_Type>
         <Type>1</Type>
         <Marker>
             <MarkerX>24</MarkerX>
             <MarkerY>162</MarkerY>
             <MarkerZ>3</MarkerZ>
         </Marker>
         <Marker>
             <MarkerX>36</MarkerX>
             <MarkerY>54</MarkerY>
             <MarkerZ>3</MarkerZ>
         </Marker>
         <Marker>
             <MarkerX>162</MarkerX>
             <MarkerY>33</MarkerY>
             <MarkerZ>3</MarkerZ>
         </Marker>
         <Marker>
             <MarkerX>225</MarkerX>
             <MarkerY>123</MarkerY>
             <MarkerZ>3</MarkerZ>
         </Marker>
         <Marker>
             <MarkerX>201</MarkerX>
             <MarkerY>261</MarkerY>
             <MarkerZ>3</MarkerZ>
         </Marker>
         <Marker>
             <MarkerX>351</MarkerX>
             <MarkerY>186</MarkerY>
             <MarkerZ>3</MarkerZ>
         </Marker>
         <Marker>
             <MarkerX>420</MarkerX>
             <MarkerY>138</MarkerY>
             <MarkerZ>3</MarkerZ>
         </Marker>
         <Marker>
             <MarkerX>456</MarkerX>
             <MarkerY>237</MarkerY>
             <MarkerZ>3</MarkerZ>
         </Marker>
         <Marker>
             <MarkerX>495</MarkerX>
             <MarkerY>234</MarkerY>
             <MarkerZ>3</MarkerZ>
         </Marker>
         <Marker>
             <MarkerX>537</MarkerX>
             <MarkerY>228</MarkerY>
             <MarkerZ>3</MarkerZ>
         </Marker>
         <Marker>
             <MarkerX>579</MarkerX>
             <MarkerY>192</MarkerY>
             <MarkerZ>3</MarkerZ>
         </Marker>
         <Marker>
             <MarkerX>513</MarkerX>
             <MarkerY>156</MarkerY>
             <MarkerZ>3</MarkerZ>
         </Marker>
         <Marker>
             <MarkerX>528</MarkerX>
             <MarkerY>81</MarkerY>
             <MarkerZ>3</MarkerZ>
         </Marker>
         <Marker>
             <MarkerX>405</MarkerX>
             <MarkerY>60</MarkerY>
             <MarkerZ>3</MarkerZ>
         </Marker>
         <Marker>
             <MarkerX>438</MarkerX>
             <MarkerY>45</MarkerY>
             <MarkerZ>3</MarkerZ>
         </Marker>
         <Marker>
             <MarkerX>546</MarkerX>
             <MarkerY>15</MarkerY>
             <MarkerZ>3</MarkerZ>
         </Marker>
         <Marker>
             <MarkerX>714</MarkerX>
             <MarkerY>30</MarkerY>
             <MarkerZ>3</MarkerZ>
         </Marker>
         <Marker>
             <MarkerX>684</MarkerX>
             <MarkerY>144</MarkerY>
             <MarkerZ>3</MarkerZ>
         </Marker>
         <Marker>
             <MarkerX>612</MarkerX>
             <MarkerY>369</MarkerY>
             <MarkerZ>3</MarkerZ>
         </Marker>
         <Marker>
             <MarkerX>696</MarkerX>
             <MarkerY>321</MarkerY>
             <MarkerZ>3</MarkerZ>
         </Marker>
         <Marker>
             <MarkerX>1347</MarkerX>
             <MarkerY>303</MarkerY>
             <MarkerZ>3</MarkerZ>
         </Marker>
         <Marker>
             <MarkerX>1392</MarkerX>
             <MarkerY>480</MarkerY>
             <MarkerZ>3</MarkerZ>
         </Marker>
         <Marker>
             <MarkerX>1107</MarkerX>
             <MarkerY>687</MarkerY>
             <MarkerZ>3</MarkerZ>
         </Marker>
         <Marker>
             <MarkerX>1065</MarkerX>
             <MarkerY>786</MarkerY>
             <MarkerZ>3</MarkerZ>
         </Marker>
         <Marker>
             <MarkerX>1206</MarkerX>
             <MarkerY>858</MarkerY>
             <MarkerZ>3</MarkerZ>
         </Marker>
         <Marker>
             <MarkerX>942</MarkerX>
             <MarkerY>1005</MarkerY>
             <MarkerZ>3</MarkerZ>
         </Marker>
         <Marker>
             <MarkerX>1134</MarkerX>
             <MarkerY>1074</MarkerY>
             <MarkerZ>3</MarkerZ>
         </Marker>
         <Marker>
             <MarkerX>1122</MarkerX>
             <MarkerY>1194</MarkerY>
             <MarkerZ>3</MarkerZ>
         </Marker>
         <Marker>
             <MarkerX>1098</MarkerX>
             <MarkerY>1401</MarkerY>
             <MarkerZ>3</MarkerZ>
         </Marker>
         <Marker>
             <MarkerX>828</MarkerX>
             <MarkerY>1503</MarkerY>
             <MarkerZ>3</MarkerZ>
         </Marker>
         <Marker>
             <MarkerX>408</MarkerX>
             <MarkerY>879</MarkerY>
             <MarkerZ>3</MarkerZ>
         </Marker>
         <Marker>
             <MarkerX>456</MarkerX>
             <MarkerY>927</MarkerY>
             <MarkerZ>3</MarkerZ>
         </Marker>
         <Marker>
             <MarkerX>480</MarkerX>
             <MarkerY>975</MarkerY>
             <MarkerZ>3</MarkerZ>
         </Marker>
         <Marker>
             <MarkerX>471</MarkerX>
             <MarkerY>1029</MarkerY>
             <MarkerZ>3</MarkerZ>
         </Marker>
         <Marker>
             <MarkerX>393</MarkerX>
             <MarkerY>960</MarkerY>
             <MarkerZ>3</MarkerZ>
         </Marker>
         <Marker>
             <MarkerX>375</MarkerX>
             <MarkerY>1050</MarkerY>
             <MarkerZ>3</MarkerZ>
         </Marker>
         <Marker>
             <MarkerX>357</MarkerX>
             <MarkerY>918</MarkerY>
             <MarkerZ>3</MarkerZ>
         </Marker>
         <Marker>
             <MarkerX>315</MarkerX>
             <MarkerY>957</MarkerY>
             <MarkerZ>3</MarkerZ>
         </Marker>
         <Marker>
             <MarkerX>285</MarkerX>
             <MarkerY>1020</MarkerY>
             <MarkerZ>3</MarkerZ>
         </Marker>
         <Marker>
             <MarkerX>243</MarkerX>
             <MarkerY>1077</MarkerY>
             <MarkerZ>3</MarkerZ>
         </Marker>
         <Marker>
             <MarkerX>102</MarkerX>
             <MarkerY>516</MarkerY>
             <MarkerZ>3</MarkerZ>
         </Marker>
         <Marker>
             <MarkerX>183</MarkerX>
             <MarkerY>486</MarkerY>
             <MarkerZ>3</MarkerZ>
         </Marker>
         <Marker>
             <MarkerX>351</MarkerX>
             <MarkerY>1119</MarkerY>
             <MarkerZ>3</MarkerZ>
         </Marker>
         <Marker>
             <MarkerX>1383</MarkerX>
             <MarkerY>669</MarkerY>
             <MarkerZ>3</MarkerZ>
         </Marker>
         <Marker>
             <MarkerX>1395</MarkerX>
             <MarkerY>936</MarkerY>
             <MarkerZ>3</MarkerZ>
         </Marker>
         <Marker>
             <MarkerX>1476</MarkerX>
             <MarkerY>885</MarkerY>
             <MarkerZ>3</MarkerZ>
         </Marker>
         <Marker>
             <MarkerX>1428</MarkerX>
             <MarkerY>1068</MarkerY>
             <MarkerZ>3</MarkerZ>
         </Marker>
         <Marker>
             <MarkerX>1266</MarkerX>
             <MarkerY>1080</MarkerY>
             <MarkerZ>3</MarkerZ>
         </Marker>
         <Marker>
             <MarkerX>1206</MarkerX>
             <MarkerY>1413</MarkerY>
             <MarkerZ>3</MarkerZ>
         </Marker>
         <Marker>
             <MarkerX>1461</MarkerX>
             <MarkerY>1326</MarkerY>
             <MarkerZ>3</MarkerZ>
         </Marker>
         <Marker>
             <MarkerX>1440</MarkerX>
             <MarkerY>1221</MarkerY>
             <MarkerZ>3</MarkerZ>
         </Marker>
         <Marker>
             <MarkerX>1575</MarkerX>
             <MarkerY>1065</MarkerY>
             <MarkerZ>3</MarkerZ>
         </Marker>
         <Marker>
             <MarkerX>1608</MarkerX>
             <MarkerY>1182</MarkerY>
             <MarkerZ>3</MarkerZ>
         </Marker>
         <Marker>
             <MarkerX>1536</MarkerX>
             <MarkerY>1344</MarkerY>
             <MarkerZ>3</MarkerZ>
         </Marker>
         <Marker>
             <MarkerX>1563</MarkerX>
             <MarkerY>1428</MarkerY>
             <MarkerZ>3</MarkerZ>
         </Marker>
         <Marker>
             <MarkerX>1644</MarkerX>
             <MarkerY>1449</MarkerY>
             <MarkerZ>3</MarkerZ>
         </Marker>
         <Marker>
             <MarkerX>1689</MarkerX>
             <MarkerY>1302</MarkerY>
             <MarkerZ>3</MarkerZ>
         </Marker>
         <Marker>
             <MarkerX>1725</MarkerX>
             <MarkerY>1359</MarkerY>
             <MarkerZ>3</MarkerZ>
         </Marker>
         <Marker>
             <MarkerX>1731</MarkerX>
             <MarkerY>1446</MarkerY>
             <MarkerZ>3</MarkerZ>
         </Marker>
         <Marker>
             <MarkerX>1686</MarkerX>
             <MarkerY>1503</MarkerY>
             <MarkerZ>3</MarkerZ>
         </Marker>
         <Marker>
             <MarkerX>1845</MarkerX>
             <MarkerY>1380</MarkerY>
             <MarkerZ>3</MarkerZ>
         </Marker>
         <Marker>
             <MarkerX>1842</MarkerX>
             <MarkerY>1188</MarkerY>
             <MarkerZ>3</MarkerZ>
         </Marker>
         <Marker>
             <MarkerX>1725</MarkerX>
             <MarkerY>1098</MarkerY>
             <MarkerZ>3</MarkerZ>
         </Marker>
         <Marker>
             <MarkerX>1839</MarkerX>
             <MarkerY>1041</MarkerY>
             <MarkerZ>3</MarkerZ>
         </Marker>
         <Marker>
             <MarkerX>1767</MarkerX>
             <MarkerY>951</MarkerY>
             <MarkerZ>3</MarkerZ>
         </Marker>
         <Marker>
             <MarkerX>1686</MarkerX>
             <MarkerY>930</MarkerY>
             <MarkerZ>3</MarkerZ>
         </Marker>
         <Marker>
             <MarkerX>1554</MarkerX>
             <MarkerY>789</MarkerY>
             <MarkerZ>3</MarkerZ>
         </Marker>
         <Marker>
             <MarkerX>1548</MarkerX>
             <MarkerY>708</MarkerY>
             <MarkerZ>3</MarkerZ>
         </Marker>
         <Marker>
             <MarkerX>1731</MarkerX>
             <MarkerY>435</MarkerY>
             <MarkerZ>3</MarkerZ>
         </Marker>
         <Marker>
             <MarkerX>1797</MarkerX>
             <MarkerY>417</MarkerY>
             <MarkerZ>3</MarkerZ>
         </Marker>
         <Marker>
             <MarkerX>1713</MarkerX>
             <MarkerY>813</MarkerY>
             <MarkerZ>3</MarkerZ>
         </Marker>
         <Marker>
             <MarkerX>1830</MarkerX>
             <MarkerY>678</MarkerY>
             <MarkerZ>3</MarkerZ>
         </Marker>
         <Marker>
             <MarkerX>1572</MarkerX>
             <MarkerY>333</MarkerY>
             <MarkerZ>3</MarkerZ>
         </Marker>
         <Marker>
             <MarkerX>75</MarkerX>
             <MarkerY>303</MarkerY>
             <MarkerZ>3</MarkerZ>
         </Marker>
         <Marker>
             <MarkerX>117</MarkerX>
             <MarkerY>354</MarkerY>
             <MarkerZ>3</MarkerZ>
         </Marker>
     </Marker_Type>
     <Marker_Type>
         <Type>2</Type>
         <Marker>
             <MarkerX>132</MarkerX>
             <MarkerY>855</MarkerY>
             <MarkerZ>1</MarkerZ>
         </Marker>
         <Marker>
             <MarkerX>270</MarkerX>
             <MarkerY>834</MarkerY>
             <MarkerZ>1</MarkerZ>
         </Marker>
         <Marker>
             <MarkerX>108</MarkerX>
             <MarkerY>1110</MarkerY>
             <MarkerZ>1</MarkerZ>
         </Marker>
         <Marker>
             <MarkerX>105</MarkerX>
             <MarkerY>1068</MarkerY>
             <MarkerZ>1</MarkerZ>
         </Marker>
         <Marker>
             <MarkerX>102</MarkerX>
             <MarkerY>1398</MarkerY>
             <MarkerZ>1</MarkerZ>
         </Marker>
         <Marker>
             <MarkerX>453</MarkerX>
             <MarkerY>759</MarkerY>
             <MarkerZ>1</MarkerZ>
         </Marker>
         <Marker>
             <MarkerX>432</MarkerX>
             <MarkerY>648</MarkerY>
             <MarkerZ>1</MarkerZ>
         </Marker>
         <Marker>
             <MarkerX>873</MarkerX>
             <MarkerY>231</MarkerY>
             <MarkerZ>1</MarkerZ>
         </Marker>
         <Marker>
             <MarkerX>816</MarkerX>
             <MarkerY>441</MarkerY>
             <MarkerZ>1</MarkerZ>
         </Marker>
         <Marker>
             <MarkerX>903</MarkerX>
             <MarkerY>402</MarkerY>
             <MarkerZ>1</MarkerZ>
         </Marker>
         <Marker>
             <MarkerX>921</MarkerX>
             <MarkerY>483</MarkerY>
             <MarkerZ>1</MarkerZ>
         </Marker>
         <Marker>
             <MarkerX>879</MarkerX>
             <MarkerY>669</MarkerY>
             <MarkerZ>1</MarkerZ>
         </Marker>
         <Marker>
             <MarkerX>777</MarkerX>
             <MarkerY>783</MarkerY>
             <MarkerZ>1</MarkerZ>
         </Marker>
         <Marker>
             <MarkerX>639</MarkerX>
             <MarkerY>867</MarkerY>
             <MarkerZ>1</MarkerZ>
         </Marker>
         <Marker>
             <MarkerX>582</MarkerX>
             <MarkerY>858</MarkerY>
             <MarkerZ>1</MarkerZ>
         </Marker>
         <Marker>
             <MarkerX>585</MarkerX>
             <MarkerY>564</MarkerY>
             <MarkerZ>1</MarkerZ>
         </Marker>
         <Marker>
             <MarkerX>1047</MarkerX>
             <MarkerY>258</MarkerY>
             <MarkerZ>1</MarkerZ>
         </Marker>
         <Marker>
             <MarkerX>1209</MarkerX>
             <MarkerY>447</MarkerY>
             <MarkerZ>1</MarkerZ>
         </Marker>
         <Marker>
             <MarkerX>1557</MarkerX>
             <MarkerY>240</MarkerY>
             <MarkerZ>1</MarkerZ>
         </Marker>
         <Marker>
             <MarkerX>1875</MarkerX>
             <MarkerY>180</MarkerY>
             <MarkerZ>1</MarkerZ>
         </Marker>
         <Marker>
             <MarkerX>450</MarkerX>
             <MarkerY>1500</MarkerY>
             <MarkerZ>1</MarkerZ>
         </Marker>
         <Marker>
             <MarkerX>660</MarkerX>
             <MarkerY>270</MarkerY>
             <MarkerZ>1</MarkerZ>
         </Marker>
         <Marker>
             <MarkerX>759</MarkerX>
             <MarkerY>273</MarkerY>
             <MarkerZ>1</MarkerZ>
         </Marker>
     </Marker_Type>
 </Marker_Data>
</CellCounter_Marker_File>
