<?xml version="1.0" encoding="UTF-8"?>
<CellCounter_Marker_File>
 <Image_Properties>
     <Image_Filename>Exp16_day02_MERGED_W1_008.jpg</Image_Filename>
 </Image_Properties>
 <Marker_Data>
     <Current_Type>0</Current_Type>
     <Marker_Type>
         <Type>1</Type>
         <Marker>
             <MarkerX>1596</MarkerX>
             <MarkerY>450</MarkerY>
             <MarkerZ>1</MarkerZ>
         </Marker>
         <Marker>
             <MarkerX>1623</MarkerX>
             <MarkerY>408</MarkerY>
             <MarkerZ>1</MarkerZ>
         </Marker>
         <Marker>
             <MarkerX>1641</MarkerX>
             <MarkerY>468</MarkerY>
             <MarkerZ>1</MarkerZ>
         </Marker>
         <Marker>
             <MarkerX>936</MarkerX>
             <MarkerY>1023</MarkerY>
             <MarkerZ>3</MarkerZ>
         </Marker>
         <Marker>
             <MarkerX>540</MarkerX>
             <MarkerY>24</MarkerY>
             <MarkerZ>3</MarkerZ>
         </Marker>
         <Marker>
             <MarkerX>210</MarkerX>
             <MarkerY>201</MarkerY>
             <MarkerZ>3</MarkerZ>
         </Marker>
         <Marker>
             <MarkerX>315</MarkerX>
             <MarkerY>303</MarkerY>
             <MarkerZ>3</MarkerZ>
         </Marker>
         <Marker>
             <MarkerX>201</MarkerX>
             <MarkerY>342</MarkerY>
             <MarkerZ>3</MarkerZ>
         </Marker>
         <Marker>
             <MarkerX>105</MarkerX>
             <MarkerY>429</MarkerY>
             <MarkerZ>3</MarkerZ>
         </Marker>
         <Marker>
             <MarkerX>135</MarkerX>
             <MarkerY>474</MarkerY>
             <MarkerZ>3</MarkerZ>
         </Marker>
         <Marker>
             <MarkerX>222</MarkerX>
             <MarkerY>531</MarkerY>
             <MarkerZ>3</MarkerZ>
         </Marker>
         <Marker>
             <MarkerX>180</MarkerX>
             <MarkerY>573</MarkerY>
             <MarkerZ>3</MarkerZ>
         </Marker>
         <Marker>
             <MarkerX>291</MarkerX>
             <MarkerY>483</MarkerY>
             <MarkerZ>3</MarkerZ>
         </Marker>
         <Marker>
             <MarkerX>321</MarkerX>
             <MarkerY>588</MarkerY>
             <MarkerZ>3</MarkerZ>
         </Marker>
         <Marker>
             <MarkerX>366</MarkerX>
             <MarkerY>438</MarkerY>
             <MarkerZ>3</MarkerZ>
         </Marker>
         <Marker>
             <MarkerX>489</MarkerX>
             <MarkerY>483</MarkerY>
             <MarkerZ>3</MarkerZ>
         </Marker>
         <Marker>
             <MarkerX>516</MarkerX>
             <MarkerY>663</MarkerY>
             <MarkerZ>3</MarkerZ>
         </Marker>
         <Marker>
             <MarkerX>126</MarkerX>
             <MarkerY>726</MarkerY>
             <MarkerZ>3</MarkerZ>
         </Marker>
         <Marker>
             <MarkerX>117</MarkerX>
             <MarkerY>870</MarkerY>
             <MarkerZ>3</MarkerZ>
         </Marker>
         <Marker>
             <MarkerX>54</MarkerX>
             <MarkerY>999</MarkerY>
             <MarkerZ>3</MarkerZ>
         </Marker>
         <Marker>
             <MarkerX>114</MarkerX>
             <MarkerY>1095</MarkerY>
             <MarkerZ>3</MarkerZ>
         </Marker>
         <Marker>
             <MarkerX>186</MarkerX>
             <MarkerY>1191</MarkerY>
             <MarkerZ>3</MarkerZ>
         </Marker>
         <Marker>
             <MarkerX>48</MarkerX>
             <MarkerY>1164</MarkerY>
             <MarkerZ>3</MarkerZ>
         </Marker>
         <Marker>
             <MarkerX>294</MarkerX>
             <MarkerY>1155</MarkerY>
             <MarkerZ>3</MarkerZ>
         </Marker>
         <Marker>
             <MarkerX>306</MarkerX>
             <MarkerY>1053</MarkerY>
             <MarkerZ>3</MarkerZ>
         </Marker>
         <Marker>
             <MarkerX>258</MarkerX>
             <MarkerY>984</MarkerY>
             <MarkerZ>3</MarkerZ>
         </Marker>
         <Marker>
             <MarkerX>300</MarkerX>
             <MarkerY>1299</MarkerY>
             <MarkerZ>3</MarkerZ>
         </Marker>
         <Marker>
             <MarkerX>471</MarkerX>
             <MarkerY>1206</MarkerY>
             <MarkerZ>3</MarkerZ>
         </Marker>
         <Marker>
             <MarkerX>474</MarkerX>
             <MarkerY>1107</MarkerY>
             <MarkerZ>3</MarkerZ>
         </Marker>
         <Marker>
             <MarkerX>417</MarkerX>
             <MarkerY>945</MarkerY>
             <MarkerZ>3</MarkerZ>
         </Marker>
         <Marker>
             <MarkerX>567</MarkerX>
             <MarkerY>942</MarkerY>
             <MarkerZ>3</MarkerZ>
         </Marker>
         <Marker>
             <MarkerX>594</MarkerX>
             <MarkerY>1113</MarkerY>
             <MarkerZ>3</MarkerZ>
         </Marker>
         <Marker>
             <MarkerX>459</MarkerX>
             <MarkerY>810</MarkerY>
             <MarkerZ>3</MarkerZ>
         </Marker>
         <Marker>
             <MarkerX>795</MarkerX>
             <MarkerY>900</MarkerY>
             <MarkerZ>3</MarkerZ>
         </Marker>
         <Marker>
             <MarkerX>804</MarkerX>
             <MarkerY>1137</MarkerY>
             <MarkerZ>3</MarkerZ>
         </Marker>
         <Marker>
             <MarkerX>693</MarkerX>
             <MarkerY>1305</MarkerY>
             <MarkerZ>3</MarkerZ>
         </Marker>
         <Marker>
             <MarkerX>759</MarkerX>
             <MarkerY>1398</MarkerY>
             <MarkerZ>3</MarkerZ>
         </Marker>
         <Marker>
             <MarkerX>987</MarkerX>
             <MarkerY>1470</MarkerY>
             <MarkerZ>3</MarkerZ>
         </Marker>
         <Marker>
             <MarkerX>1179</MarkerX>
             <MarkerY>1503</MarkerY>
             <MarkerZ>3</MarkerZ>
         </Marker>
         <Marker>
             <MarkerX>972</MarkerX>
             <MarkerY>915</MarkerY>
             <MarkerZ>3</MarkerZ>
         </Marker>
         <Marker>
             <MarkerX>921</MarkerX>
             <MarkerY>822</MarkerY>
             <MarkerZ>3</MarkerZ>
         </Marker>
         <Marker>
             <MarkerX>945</MarkerX>
             <MarkerY>777</MarkerY>
             <MarkerZ>3</MarkerZ>
         </Marker>
         <Marker>
             <MarkerX>1002</MarkerX>
             <MarkerY>834</MarkerY>
             <MarkerZ>3</MarkerZ>
         </Marker>
         <Marker>
             <MarkerX>819</MarkerX>
             <MarkerY>702</MarkerY>
             <MarkerZ>3</MarkerZ>
         </Marker>
         <Marker>
             <MarkerX>747</MarkerX>
             <MarkerY>408</MarkerY>
             <MarkerZ>3</MarkerZ>
         </Marker>
         <Marker>
             <MarkerX>1041</MarkerX>
             <MarkerY>264</MarkerY>
             <MarkerZ>3</MarkerZ>
         </Marker>
         <Marker>
             <MarkerX>1125</MarkerX>
             <MarkerY>498</MarkerY>
             <MarkerZ>3</MarkerZ>
         </Marker>
         <Marker>
             <MarkerX>1224</MarkerX>
             <MarkerY>459</MarkerY>
             <MarkerZ>3</MarkerZ>
         </Marker>
         <Marker>
             <MarkerX>1272</MarkerX>
             <MarkerY>501</MarkerY>
             <MarkerZ>3</MarkerZ>
         </Marker>
         <Marker>
             <MarkerX>1257</MarkerX>
             <MarkerY>681</MarkerY>
             <MarkerZ>3</MarkerZ>
         </Marker>
         <Marker>
             <MarkerX>1170</MarkerX>
             <MarkerY>852</MarkerY>
             <MarkerZ>3</MarkerZ>
         </Marker>
         <Marker>
             <MarkerX>1185</MarkerX>
             <MarkerY>1092</MarkerY>
             <MarkerZ>3</MarkerZ>
         </Marker>
         <Marker>
             <MarkerX>1272</MarkerX>
             <MarkerY>327</MarkerY>
             <MarkerZ>3</MarkerZ>
         </Marker>
         <Marker>
             <MarkerX>1380</MarkerX>
             <MarkerY>306</MarkerY>
             <MarkerZ>3</MarkerZ>
         </Marker>
         <Marker>
             <MarkerX>1431</MarkerX>
             <MarkerY>441</MarkerY>
             <MarkerZ>3</MarkerZ>
         </Marker>
         <Marker>
             <MarkerX>1359</MarkerX>
             <MarkerY>81</MarkerY>
             <MarkerZ>3</MarkerZ>
         </Marker>
         <Marker>
             <MarkerX>1611</MarkerX>
             <MarkerY>312</MarkerY>
             <MarkerZ>3</MarkerZ>
         </Marker>
         <Marker>
             <MarkerX>1659</MarkerX>
             <MarkerY>267</MarkerY>
             <MarkerZ>3</MarkerZ>
         </Marker>
         <Marker>
             <MarkerX>1803</MarkerX>
             <MarkerY>348</MarkerY>
             <MarkerZ>3</MarkerZ>
         </Marker>
         <Marker>
             <MarkerX>1863</MarkerX>
             <MarkerY>435</MarkerY>
             <MarkerZ>3</MarkerZ>
         </Marker>
         <Marker>
             <MarkerX>1848</MarkerX>
             <MarkerY>645</MarkerY>
             <MarkerZ>3</MarkerZ>
         </Marker>
         <Marker>
             <MarkerX>1764</MarkerX>
             <MarkerY>534</MarkerY>
             <MarkerZ>3</MarkerZ>
         </Marker>
         <Marker>
             <MarkerX>1749</MarkerX>
             <MarkerY>783</MarkerY>
             <MarkerZ>3</MarkerZ>
         </Marker>
         <Marker>
             <MarkerX>1758</MarkerX>
             <MarkerY>849</MarkerY>
             <MarkerZ>3</MarkerZ>
         </Marker>
         <Marker>
             <MarkerX>1788</MarkerX>
             <MarkerY>1002</MarkerY>
             <MarkerZ>3</MarkerZ>
         </Marker>
         <Marker>
             <MarkerX>1641</MarkerX>
             <MarkerY>1071</MarkerY>
             <MarkerZ>3</MarkerZ>
         </Marker>
         <Marker>
             <MarkerX>1767</MarkerX>
             <MarkerY>1173</MarkerY>
             <MarkerZ>3</MarkerZ>
         </Marker>
         <Marker>
             <MarkerX>1836</MarkerX>
             <MarkerY>1131</MarkerY>
             <MarkerZ>3</MarkerZ>
         </Marker>
         <Marker>
             <MarkerX>1818</MarkerX>
             <MarkerY>1242</MarkerY>
             <MarkerZ>3</MarkerZ>
         </Marker>
         <Marker>
             <MarkerX>1881</MarkerX>
             <MarkerY>1326</MarkerY>
             <MarkerZ>3</MarkerZ>
         </Marker>
         <Marker>
             <MarkerX>1767</MarkerX>
             <MarkerY>1308</MarkerY>
             <MarkerZ>3</MarkerZ>
         </Marker>
         <Marker>
             <MarkerX>1755</MarkerX>
             <MarkerY>1386</MarkerY>
             <MarkerZ>3</MarkerZ>
         </Marker>
         <Marker>
             <MarkerX>1644</MarkerX>
             <MarkerY>1356</MarkerY>
             <MarkerZ>3</MarkerZ>
         </Marker>
         <Marker>
             <MarkerX>1566</MarkerX>
             <MarkerY>1284</MarkerY>
             <MarkerZ>3</MarkerZ>
         </Marker>
         <Marker>
             <MarkerX>1632</MarkerX>
             <MarkerY>1233</MarkerY>
             <MarkerZ>3</MarkerZ>
         </Marker>
         <Marker>
             <MarkerX>1524</MarkerX>
             <MarkerY>1353</MarkerY>
             <MarkerZ>3</MarkerZ>
         </Marker>
         <Marker>
             <MarkerX>1431</MarkerX>
             <MarkerY>1263</MarkerY>
             <MarkerZ>3</MarkerZ>
         </Marker>
     </Marker_Type>
     <Marker_Type>
         <Type>2</Type>
         <Marker>
             <MarkerX>1347</MarkerX>
             <MarkerY>855</MarkerY>
             <MarkerZ>1</MarkerZ>
         </Marker>
         <Marker>
             <MarkerX>1329</MarkerX>
             <MarkerY>804</MarkerY>
             <MarkerZ>1</MarkerZ>
         </Marker>
         <Marker>
             <MarkerX>1428</MarkerX>
             <MarkerY>933</MarkerY>
             <MarkerZ>1</MarkerZ>
         </Marker>
         <Marker>
             <MarkerX>1500</MarkerX>
             <MarkerY>978</MarkerY>
             <MarkerZ>1</MarkerZ>
         </Marker>
         <Marker>
             <MarkerX>1533</MarkerX>
             <MarkerY>801</MarkerY>
             <MarkerZ>1</MarkerZ>
         </Marker>
         <Marker>
             <MarkerX>1587</MarkerX>
             <MarkerY>612</MarkerY>
             <MarkerZ>1</MarkerZ>
         </Marker>
         <Marker>
             <MarkerX>1692</MarkerX>
             <MarkerY>594</MarkerY>
             <MarkerZ>1</MarkerZ>
         </Marker>
         <Marker>
             <MarkerX>1794</MarkerX>
             <MarkerY>624</MarkerY>
             <MarkerZ>1</MarkerZ>
         </Marker>
         <Marker>
             <MarkerX>525</MarkerX>
             <MarkerY>207</MarkerY>
             <MarkerZ>1</MarkerZ>
         </Marker>
         <Marker>
             <MarkerX>657</MarkerX>
             <MarkerY>210</MarkerY>
             <MarkerZ>1</MarkerZ>
         </Marker>
         <Marker>
             <MarkerX>1023</MarkerX>
             <MarkerY>1377</MarkerY>
             <MarkerZ>1</MarkerZ>
         </Marker>
     </Marker_Type>
     <Marker_Type>
         <Type>3</Type>
     </Marker_Type>
 </Marker_Data>
</CellCounter_Marker_File>
