<?xml version="1.0" encoding="UTF-8"?>
<CellCounter_Marker_File>
 <Image_Properties>
     <Image_Filename>Exp16_day03_HOE_W3_005.jpg</Image_Filename>
 </Image_Properties>
 <Marker_Data>
     <Current_Type>0</Current_Type>
     <Marker_Type>
         <Type>1</Type>
         <Marker>
             <MarkerX>1848</MarkerX>
             <MarkerY>1158</MarkerY>
             <MarkerZ>3</MarkerZ>
         </Marker>
         <Marker>
             <MarkerX>1815</MarkerX>
             <MarkerY>1230</MarkerY>
             <MarkerZ>3</MarkerZ>
         </Marker>
         <Marker>
             <MarkerX>1815</MarkerX>
             <MarkerY>1320</MarkerY>
             <MarkerZ>3</MarkerZ>
         </Marker>
         <Marker>
             <MarkerX>1662</MarkerX>
             <MarkerY>1431</MarkerY>
             <MarkerZ>3</MarkerZ>
         </Marker>
         <Marker>
             <MarkerX>1605</MarkerX>
             <MarkerY>1464</MarkerY>
             <MarkerZ>3</MarkerZ>
         </Marker>
         <Marker>
             <MarkerX>1521</MarkerX>
             <MarkerY>1464</MarkerY>
             <MarkerZ>3</MarkerZ>
         </Marker>
         <Marker>
             <MarkerX>1413</MarkerX>
             <MarkerY>1401</MarkerY>
             <MarkerZ>3</MarkerZ>
         </Marker>
         <Marker>
             <MarkerX>1362</MarkerX>
             <MarkerY>1338</MarkerY>
             <MarkerZ>3</MarkerZ>
         </Marker>
         <Marker>
             <MarkerX>1290</MarkerX>
             <MarkerY>1296</MarkerY>
             <MarkerZ>3</MarkerZ>
         </Marker>
         <Marker>
             <MarkerX>1323</MarkerX>
             <MarkerY>1203</MarkerY>
             <MarkerZ>3</MarkerZ>
         </Marker>
         <Marker>
             <MarkerX>1365</MarkerX>
             <MarkerY>1245</MarkerY>
             <MarkerZ>3</MarkerZ>
         </Marker>
         <Marker>
             <MarkerX>1383</MarkerX>
             <MarkerY>1104</MarkerY>
             <MarkerZ>3</MarkerZ>
         </Marker>
         <Marker>
             <MarkerX>1218</MarkerX>
             <MarkerY>1158</MarkerY>
             <MarkerZ>3</MarkerZ>
         </Marker>
         <Marker>
             <MarkerX>1200</MarkerX>
             <MarkerY>1251</MarkerY>
             <MarkerZ>3</MarkerZ>
         </Marker>
         <Marker>
             <MarkerX>1074</MarkerX>
             <MarkerY>1257</MarkerY>
             <MarkerZ>3</MarkerZ>
         </Marker>
         <Marker>
             <MarkerX>1152</MarkerX>
             <MarkerY>1392</MarkerY>
             <MarkerZ>3</MarkerZ>
         </Marker>
         <Marker>
             <MarkerX>1023</MarkerX>
             <MarkerY>1392</MarkerY>
             <MarkerZ>3</MarkerZ>
         </Marker>
         <Marker>
             <MarkerX>810</MarkerX>
             <MarkerY>1497</MarkerY>
             <MarkerZ>3</MarkerZ>
         </Marker>
         <Marker>
             <MarkerX>690</MarkerX>
             <MarkerY>1452</MarkerY>
             <MarkerZ>3</MarkerZ>
         </Marker>
         <Marker>
             <MarkerX>525</MarkerX>
             <MarkerY>1449</MarkerY>
             <MarkerZ>3</MarkerZ>
         </Marker>
         <Marker>
             <MarkerX>432</MarkerX>
             <MarkerY>1500</MarkerY>
             <MarkerZ>3</MarkerZ>
         </Marker>
         <Marker>
             <MarkerX>375</MarkerX>
             <MarkerY>1488</MarkerY>
             <MarkerZ>3</MarkerZ>
         </Marker>
         <Marker>
             <MarkerX>366</MarkerX>
             <MarkerY>1425</MarkerY>
             <MarkerZ>3</MarkerZ>
         </Marker>
         <Marker>
             <MarkerX>363</MarkerX>
             <MarkerY>1323</MarkerY>
             <MarkerZ>3</MarkerZ>
         </Marker>
         <Marker>
             <MarkerX>345</MarkerX>
             <MarkerY>1272</MarkerY>
             <MarkerZ>3</MarkerZ>
         </Marker>
         <Marker>
             <MarkerX>267</MarkerX>
             <MarkerY>1245</MarkerY>
             <MarkerZ>3</MarkerZ>
         </Marker>
         <Marker>
             <MarkerX>180</MarkerX>
             <MarkerY>1302</MarkerY>
             <MarkerZ>3</MarkerZ>
         </Marker>
         <Marker>
             <MarkerX>162</MarkerX>
             <MarkerY>1251</MarkerY>
             <MarkerZ>3</MarkerZ>
         </Marker>
         <Marker>
             <MarkerX>78</MarkerX>
             <MarkerY>1215</MarkerY>
             <MarkerZ>3</MarkerZ>
         </Marker>
         <Marker>
             <MarkerX>66</MarkerX>
             <MarkerY>1137</MarkerY>
             <MarkerZ>3</MarkerZ>
         </Marker>
         <Marker>
             <MarkerX>141</MarkerX>
             <MarkerY>978</MarkerY>
             <MarkerZ>3</MarkerZ>
         </Marker>
         <Marker>
             <MarkerX>186</MarkerX>
             <MarkerY>1077</MarkerY>
             <MarkerZ>3</MarkerZ>
         </Marker>
         <Marker>
             <MarkerX>243</MarkerX>
             <MarkerY>1125</MarkerY>
             <MarkerZ>3</MarkerZ>
         </Marker>
         <Marker>
             <MarkerX>363</MarkerX>
             <MarkerY>1161</MarkerY>
             <MarkerZ>3</MarkerZ>
         </Marker>
         <Marker>
             <MarkerX>465</MarkerX>
             <MarkerY>1212</MarkerY>
             <MarkerZ>3</MarkerZ>
         </Marker>
         <Marker>
             <MarkerX>612</MarkerX>
             <MarkerY>1236</MarkerY>
             <MarkerZ>3</MarkerZ>
         </Marker>
         <Marker>
             <MarkerX>489</MarkerX>
             <MarkerY>1017</MarkerY>
             <MarkerZ>3</MarkerZ>
         </Marker>
         <Marker>
             <MarkerX>351</MarkerX>
             <MarkerY>960</MarkerY>
             <MarkerZ>3</MarkerZ>
         </Marker>
         <Marker>
             <MarkerX>432</MarkerX>
             <MarkerY>897</MarkerY>
             <MarkerZ>3</MarkerZ>
         </Marker>
         <Marker>
             <MarkerX>363</MarkerX>
             <MarkerY>822</MarkerY>
             <MarkerZ>3</MarkerZ>
         </Marker>
         <Marker>
             <MarkerX>420</MarkerX>
             <MarkerY>792</MarkerY>
             <MarkerZ>3</MarkerZ>
         </Marker>
         <Marker>
             <MarkerX>264</MarkerX>
             <MarkerY>867</MarkerY>
             <MarkerZ>3</MarkerZ>
         </Marker>
         <Marker>
             <MarkerX>87</MarkerX>
             <MarkerY>831</MarkerY>
             <MarkerZ>3</MarkerZ>
         </Marker>
         <Marker>
             <MarkerX>192</MarkerX>
             <MarkerY>714</MarkerY>
             <MarkerZ>3</MarkerZ>
         </Marker>
         <Marker>
             <MarkerX>282</MarkerX>
             <MarkerY>717</MarkerY>
             <MarkerZ>3</MarkerZ>
         </Marker>
         <Marker>
             <MarkerX>249</MarkerX>
             <MarkerY>588</MarkerY>
             <MarkerZ>3</MarkerZ>
         </Marker>
         <Marker>
             <MarkerX>84</MarkerX>
             <MarkerY>555</MarkerY>
             <MarkerZ>3</MarkerZ>
         </Marker>
         <Marker>
             <MarkerX>78</MarkerX>
             <MarkerY>453</MarkerY>
             <MarkerZ>3</MarkerZ>
         </Marker>
         <Marker>
             <MarkerX>246</MarkerX>
             <MarkerY>216</MarkerY>
             <MarkerZ>3</MarkerZ>
         </Marker>
         <Marker>
             <MarkerX>294</MarkerX>
             <MarkerY>192</MarkerY>
             <MarkerZ>3</MarkerZ>
         </Marker>
         <Marker>
             <MarkerX>339</MarkerX>
             <MarkerY>441</MarkerY>
             <MarkerZ>3</MarkerZ>
         </Marker>
         <Marker>
             <MarkerX>525</MarkerX>
             <MarkerY>201</MarkerY>
             <MarkerZ>3</MarkerZ>
         </Marker>
         <Marker>
             <MarkerX>573</MarkerX>
             <MarkerY>225</MarkerY>
             <MarkerZ>3</MarkerZ>
         </Marker>
         <Marker>
             <MarkerX>594</MarkerX>
             <MarkerY>300</MarkerY>
             <MarkerZ>3</MarkerZ>
         </Marker>
         <Marker>
             <MarkerX>624</MarkerX>
             <MarkerY>414</MarkerY>
             <MarkerZ>3</MarkerZ>
         </Marker>
         <Marker>
             <MarkerX>570</MarkerX>
             <MarkerY>594</MarkerY>
             <MarkerZ>3</MarkerZ>
         </Marker>
         <Marker>
             <MarkerX>462</MarkerX>
             <MarkerY>681</MarkerY>
             <MarkerZ>3</MarkerZ>
         </Marker>
         <Marker>
             <MarkerX>492</MarkerX>
             <MarkerY>720</MarkerY>
             <MarkerZ>3</MarkerZ>
         </Marker>
         <Marker>
             <MarkerX>645</MarkerX>
             <MarkerY>708</MarkerY>
             <MarkerZ>3</MarkerZ>
         </Marker>
         <Marker>
             <MarkerX>678</MarkerX>
             <MarkerY>762</MarkerY>
             <MarkerZ>3</MarkerZ>
         </Marker>
         <Marker>
             <MarkerX>660</MarkerX>
             <MarkerY>918</MarkerY>
             <MarkerZ>3</MarkerZ>
         </Marker>
         <Marker>
             <MarkerX>747</MarkerX>
             <MarkerY>924</MarkerY>
             <MarkerZ>3</MarkerZ>
         </Marker>
         <Marker>
             <MarkerX>801</MarkerX>
             <MarkerY>861</MarkerY>
             <MarkerZ>3</MarkerZ>
         </Marker>
         <Marker>
             <MarkerX>810</MarkerX>
             <MarkerY>621</MarkerY>
             <MarkerZ>3</MarkerZ>
         </Marker>
         <Marker>
             <MarkerX>924</MarkerX>
             <MarkerY>642</MarkerY>
             <MarkerZ>3</MarkerZ>
         </Marker>
         <Marker>
             <MarkerX>936</MarkerX>
             <MarkerY>798</MarkerY>
             <MarkerZ>3</MarkerZ>
         </Marker>
         <Marker>
             <MarkerX>909</MarkerX>
             <MarkerY>1155</MarkerY>
             <MarkerZ>3</MarkerZ>
         </Marker>
         <Marker>
             <MarkerX>990</MarkerX>
             <MarkerY>1068</MarkerY>
             <MarkerZ>3</MarkerZ>
         </Marker>
         <Marker>
             <MarkerX>1116</MarkerX>
             <MarkerY>1035</MarkerY>
             <MarkerZ>3</MarkerZ>
         </Marker>
         <Marker>
             <MarkerX>1149</MarkerX>
             <MarkerY>849</MarkerY>
             <MarkerZ>3</MarkerZ>
         </Marker>
         <Marker>
             <MarkerX>1212</MarkerX>
             <MarkerY>966</MarkerY>
             <MarkerZ>3</MarkerZ>
         </Marker>
         <Marker>
             <MarkerX>1059</MarkerX>
             <MarkerY>900</MarkerY>
             <MarkerZ>3</MarkerZ>
         </Marker>
         <Marker>
             <MarkerX>1896</MarkerX>
             <MarkerY>1236</MarkerY>
             <MarkerZ>3</MarkerZ>
         </Marker>
         <Marker>
             <MarkerX>78</MarkerX>
             <MarkerY>126</MarkerY>
             <MarkerZ>3</MarkerZ>
         </Marker>
         <Marker>
             <MarkerX>99</MarkerX>
             <MarkerY>63</MarkerY>
             <MarkerZ>3</MarkerZ>
         </Marker>
     </Marker_Type>
     <Marker_Type>
         <Type>2</Type>
         <Marker>
             <MarkerX>870</MarkerX>
             <MarkerY>279</MarkerY>
             <MarkerZ>1</MarkerZ>
         </Marker>
         <Marker>
             <MarkerX>1470</MarkerX>
             <MarkerY>1245</MarkerY>
             <MarkerZ>1</MarkerZ>
         </Marker>
         <Marker>
             <MarkerX>1566</MarkerX>
             <MarkerY>1167</MarkerY>
             <MarkerZ>1</MarkerZ>
         </Marker>
         <Marker>
             <MarkerX>1719</MarkerX>
             <MarkerY>1011</MarkerY>
             <MarkerZ>1</MarkerZ>
         </Marker>
         <Marker>
             <MarkerX>1518</MarkerX>
             <MarkerY>939</MarkerY>
             <MarkerZ>1</MarkerZ>
         </Marker>
         <Marker>
             <MarkerX>1596</MarkerX>
             <MarkerY>840</MarkerY>
             <MarkerZ>1</MarkerZ>
         </Marker>
         <Marker>
             <MarkerX>1728</MarkerX>
             <MarkerY>765</MarkerY>
             <MarkerZ>1</MarkerZ>
         </Marker>
         <Marker>
             <MarkerX>1746</MarkerX>
             <MarkerY>804</MarkerY>
             <MarkerZ>1</MarkerZ>
         </Marker>
         <Marker>
             <MarkerX>1611</MarkerX>
             <MarkerY>690</MarkerY>
             <MarkerZ>1</MarkerZ>
         </Marker>
         <Marker>
             <MarkerX>1539</MarkerX>
             <MarkerY>489</MarkerY>
             <MarkerZ>1</MarkerZ>
         </Marker>
         <Marker>
             <MarkerX>1596</MarkerX>
             <MarkerY>468</MarkerY>
             <MarkerZ>1</MarkerZ>
         </Marker>
         <Marker>
             <MarkerX>1683</MarkerX>
             <MarkerY>486</MarkerY>
             <MarkerZ>1</MarkerZ>
         </Marker>
         <Marker>
             <MarkerX>1455</MarkerX>
             <MarkerY>588</MarkerY>
             <MarkerZ>1</MarkerZ>
         </Marker>
         <Marker>
             <MarkerX>1392</MarkerX>
             <MarkerY>744</MarkerY>
             <MarkerZ>1</MarkerZ>
         </Marker>
         <Marker>
             <MarkerX>1212</MarkerX>
             <MarkerY>549</MarkerY>
             <MarkerZ>1</MarkerZ>
         </Marker>
         <Marker>
             <MarkerX>648</MarkerX>
             <MarkerY>1113</MarkerY>
             <MarkerZ>3</MarkerZ>
         </Marker>
         <Marker>
             <MarkerX>804</MarkerX>
             <MarkerY>1185</MarkerY>
             <MarkerZ>3</MarkerZ>
         </Marker>
         <Marker>
             <MarkerX>1191</MarkerX>
             <MarkerY>636</MarkerY>
             <MarkerZ>1</MarkerZ>
         </Marker>
     </Marker_Type>
 </Marker_Data>
</CellCounter_Marker_File>
