<?xml version="1.0" encoding="UTF-8"?>
<CellCounter_Marker_File>
 <Image_Properties>
     <Image_Filename>Exp16_day07_HOE_W2_010.jpg</Image_Filename>
 </Image_Properties>
 <Marker_Data>
     <Current_Type>0</Current_Type>
     <Marker_Type>
         <Type>1</Type>
         <Marker>
             <MarkerX>1740</MarkerX>
             <MarkerY>81</MarkerY>
             <MarkerZ>3</MarkerZ>
         </Marker>
         <Marker>
             <MarkerX>1746</MarkerX>
             <MarkerY>54</MarkerY>
             <MarkerZ>3</MarkerZ>
         </Marker>
         <Marker>
             <MarkerX>1713</MarkerX>
             <MarkerY>36</MarkerY>
             <MarkerZ>3</MarkerZ>
         </Marker>
         <Marker>
             <MarkerX>1794</MarkerX>
             <MarkerY>90</MarkerY>
             <MarkerZ>3</MarkerZ>
         </Marker>
         <Marker>
             <MarkerX>1782</MarkerX>
             <MarkerY>108</MarkerY>
             <MarkerZ>3</MarkerZ>
         </Marker>
         <Marker>
             <MarkerX>1836</MarkerX>
             <MarkerY>105</MarkerY>
             <MarkerZ>3</MarkerZ>
         </Marker>
         <Marker>
             <MarkerX>1860</MarkerX>
             <MarkerY>123</MarkerY>
             <MarkerZ>3</MarkerZ>
         </Marker>
         <Marker>
             <MarkerX>1860</MarkerX>
             <MarkerY>144</MarkerY>
             <MarkerZ>3</MarkerZ>
         </Marker>
         <Marker>
             <MarkerX>1815</MarkerX>
             <MarkerY>150</MarkerY>
             <MarkerZ>3</MarkerZ>
         </Marker>
         <Marker>
             <MarkerX>1794</MarkerX>
             <MarkerY>156</MarkerY>
             <MarkerZ>3</MarkerZ>
         </Marker>
         <Marker>
             <MarkerX>1800</MarkerX>
             <MarkerY>207</MarkerY>
             <MarkerZ>3</MarkerZ>
         </Marker>
         <Marker>
             <MarkerX>1830</MarkerX>
             <MarkerY>192</MarkerY>
             <MarkerZ>3</MarkerZ>
         </Marker>
         <Marker>
             <MarkerX>1857</MarkerX>
             <MarkerY>222</MarkerY>
             <MarkerZ>3</MarkerZ>
         </Marker>
         <Marker>
             <MarkerX>1863</MarkerX>
             <MarkerY>258</MarkerY>
             <MarkerZ>3</MarkerZ>
         </Marker>
         <Marker>
             <MarkerX>1890</MarkerX>
             <MarkerY>180</MarkerY>
             <MarkerZ>3</MarkerZ>
         </Marker>
         <Marker>
             <MarkerX>1803</MarkerX>
             <MarkerY>282</MarkerY>
             <MarkerZ>3</MarkerZ>
         </Marker>
         <Marker>
             <MarkerX>1836</MarkerX>
             <MarkerY>300</MarkerY>
             <MarkerZ>3</MarkerZ>
         </Marker>
         <Marker>
             <MarkerX>1860</MarkerX>
             <MarkerY>312</MarkerY>
             <MarkerZ>3</MarkerZ>
         </Marker>
         <Marker>
             <MarkerX>1884</MarkerX>
             <MarkerY>312</MarkerY>
             <MarkerZ>3</MarkerZ>
         </Marker>
         <Marker>
             <MarkerX>1878</MarkerX>
             <MarkerY>375</MarkerY>
             <MarkerZ>3</MarkerZ>
         </Marker>
         <Marker>
             <MarkerX>1836</MarkerX>
             <MarkerY>360</MarkerY>
             <MarkerZ>3</MarkerZ>
         </Marker>
         <Marker>
             <MarkerX>1806</MarkerX>
             <MarkerY>339</MarkerY>
             <MarkerZ>3</MarkerZ>
         </Marker>
         <Marker>
             <MarkerX>1773</MarkerX>
             <MarkerY>306</MarkerY>
             <MarkerZ>3</MarkerZ>
         </Marker>
         <Marker>
             <MarkerX>1743</MarkerX>
             <MarkerY>357</MarkerY>
             <MarkerZ>3</MarkerZ>
         </Marker>
         <Marker>
             <MarkerX>1776</MarkerX>
             <MarkerY>384</MarkerY>
             <MarkerZ>3</MarkerZ>
         </Marker>
         <Marker>
             <MarkerX>1710</MarkerX>
             <MarkerY>429</MarkerY>
             <MarkerZ>3</MarkerZ>
         </Marker>
         <Marker>
             <MarkerX>1638</MarkerX>
             <MarkerY>471</MarkerY>
             <MarkerZ>3</MarkerZ>
         </Marker>
         <Marker>
             <MarkerX>1698</MarkerX>
             <MarkerY>528</MarkerY>
             <MarkerZ>3</MarkerZ>
         </Marker>
         <Marker>
             <MarkerX>1755</MarkerX>
             <MarkerY>480</MarkerY>
             <MarkerZ>3</MarkerZ>
         </Marker>
         <Marker>
             <MarkerX>1803</MarkerX>
             <MarkerY>471</MarkerY>
             <MarkerZ>3</MarkerZ>
         </Marker>
         <Marker>
             <MarkerX>1824</MarkerX>
             <MarkerY>459</MarkerY>
             <MarkerZ>3</MarkerZ>
         </Marker>
         <Marker>
             <MarkerX>1875</MarkerX>
             <MarkerY>486</MarkerY>
             <MarkerZ>3</MarkerZ>
         </Marker>
         <Marker>
             <MarkerX>1881</MarkerX>
             <MarkerY>420</MarkerY>
             <MarkerZ>3</MarkerZ>
         </Marker>
         <Marker>
             <MarkerX>1824</MarkerX>
             <MarkerY>558</MarkerY>
             <MarkerZ>3</MarkerZ>
         </Marker>
         <Marker>
             <MarkerX>1845</MarkerX>
             <MarkerY>609</MarkerY>
             <MarkerZ>3</MarkerZ>
         </Marker>
         <Marker>
             <MarkerX>1722</MarkerX>
             <MarkerY>567</MarkerY>
             <MarkerZ>3</MarkerZ>
         </Marker>
         <Marker>
             <MarkerX>1668</MarkerX>
             <MarkerY>552</MarkerY>
             <MarkerZ>3</MarkerZ>
         </Marker>
         <Marker>
             <MarkerX>1656</MarkerX>
             <MarkerY>621</MarkerY>
             <MarkerZ>3</MarkerZ>
         </Marker>
         <Marker>
             <MarkerX>1716</MarkerX>
             <MarkerY>645</MarkerY>
             <MarkerZ>3</MarkerZ>
         </Marker>
         <Marker>
             <MarkerX>1770</MarkerX>
             <MarkerY>645</MarkerY>
             <MarkerZ>3</MarkerZ>
         </Marker>
         <Marker>
             <MarkerX>1848</MarkerX>
             <MarkerY>675</MarkerY>
             <MarkerZ>3</MarkerZ>
         </Marker>
         <Marker>
             <MarkerX>1887</MarkerX>
             <MarkerY>732</MarkerY>
             <MarkerZ>3</MarkerZ>
         </Marker>
         <Marker>
             <MarkerX>1806</MarkerX>
             <MarkerY>783</MarkerY>
             <MarkerZ>3</MarkerZ>
         </Marker>
         <Marker>
             <MarkerX>1758</MarkerX>
             <MarkerY>756</MarkerY>
             <MarkerZ>3</MarkerZ>
         </Marker>
         <Marker>
             <MarkerX>1749</MarkerX>
             <MarkerY>720</MarkerY>
             <MarkerZ>3</MarkerZ>
         </Marker>
         <Marker>
             <MarkerX>1689</MarkerX>
             <MarkerY>705</MarkerY>
             <MarkerZ>3</MarkerZ>
         </Marker>
         <Marker>
             <MarkerX>1638</MarkerX>
             <MarkerY>699</MarkerY>
             <MarkerZ>3</MarkerZ>
         </Marker>
         <Marker>
             <MarkerX>1605</MarkerX>
             <MarkerY>630</MarkerY>
             <MarkerZ>3</MarkerZ>
         </Marker>
         <Marker>
             <MarkerX>1581</MarkerX>
             <MarkerY>582</MarkerY>
             <MarkerZ>3</MarkerZ>
         </Marker>
         <Marker>
             <MarkerX>1518</MarkerX>
             <MarkerY>564</MarkerY>
             <MarkerZ>3</MarkerZ>
         </Marker>
         <Marker>
             <MarkerX>1503</MarkerX>
             <MarkerY>600</MarkerY>
             <MarkerZ>3</MarkerZ>
         </Marker>
         <Marker>
             <MarkerX>1482</MarkerX>
             <MarkerY>603</MarkerY>
             <MarkerZ>3</MarkerZ>
         </Marker>
         <Marker>
             <MarkerX>1440</MarkerX>
             <MarkerY>600</MarkerY>
             <MarkerZ>3</MarkerZ>
         </Marker>
         <Marker>
             <MarkerX>1431</MarkerX>
             <MarkerY>648</MarkerY>
             <MarkerZ>3</MarkerZ>
         </Marker>
         <Marker>
             <MarkerX>1425</MarkerX>
             <MarkerY>669</MarkerY>
             <MarkerZ>3</MarkerZ>
         </Marker>
         <Marker>
             <MarkerX>1392</MarkerX>
             <MarkerY>666</MarkerY>
             <MarkerZ>3</MarkerZ>
         </Marker>
         <Marker>
             <MarkerX>1431</MarkerX>
             <MarkerY>729</MarkerY>
             <MarkerZ>3</MarkerZ>
         </Marker>
         <Marker>
             <MarkerX>1449</MarkerX>
             <MarkerY>720</MarkerY>
             <MarkerZ>3</MarkerZ>
         </Marker>
         <Marker>
             <MarkerX>1482</MarkerX>
             <MarkerY>684</MarkerY>
             <MarkerZ>3</MarkerZ>
         </Marker>
         <Marker>
             <MarkerX>1494</MarkerX>
             <MarkerY>756</MarkerY>
             <MarkerZ>3</MarkerZ>
         </Marker>
         <Marker>
             <MarkerX>1446</MarkerX>
             <MarkerY>768</MarkerY>
             <MarkerZ>3</MarkerZ>
         </Marker>
         <Marker>
             <MarkerX>1443</MarkerX>
             <MarkerY>825</MarkerY>
             <MarkerZ>3</MarkerZ>
         </Marker>
         <Marker>
             <MarkerX>1410</MarkerX>
             <MarkerY>837</MarkerY>
             <MarkerZ>3</MarkerZ>
         </Marker>
         <Marker>
             <MarkerX>1392</MarkerX>
             <MarkerY>816</MarkerY>
             <MarkerZ>3</MarkerZ>
         </Marker>
         <Marker>
             <MarkerX>1530</MarkerX>
             <MarkerY>783</MarkerY>
             <MarkerZ>3</MarkerZ>
         </Marker>
         <Marker>
             <MarkerX>1539</MarkerX>
             <MarkerY>738</MarkerY>
             <MarkerZ>3</MarkerZ>
         </Marker>
         <Marker>
             <MarkerX>1539</MarkerX>
             <MarkerY>684</MarkerY>
             <MarkerZ>3</MarkerZ>
         </Marker>
         <Marker>
             <MarkerX>1533</MarkerX>
             <MarkerY>639</MarkerY>
             <MarkerZ>3</MarkerZ>
         </Marker>
         <Marker>
             <MarkerX>1569</MarkerX>
             <MarkerY>645</MarkerY>
             <MarkerZ>3</MarkerZ>
         </Marker>
         <Marker>
             <MarkerX>1569</MarkerX>
             <MarkerY>702</MarkerY>
             <MarkerZ>3</MarkerZ>
         </Marker>
         <Marker>
             <MarkerX>1578</MarkerX>
             <MarkerY>768</MarkerY>
             <MarkerZ>3</MarkerZ>
         </Marker>
         <Marker>
             <MarkerX>1623</MarkerX>
             <MarkerY>771</MarkerY>
             <MarkerZ>3</MarkerZ>
         </Marker>
         <Marker>
             <MarkerX>1689</MarkerX>
             <MarkerY>783</MarkerY>
             <MarkerZ>3</MarkerZ>
         </Marker>
         <Marker>
             <MarkerX>1731</MarkerX>
             <MarkerY>801</MarkerY>
             <MarkerZ>3</MarkerZ>
         </Marker>
         <Marker>
             <MarkerX>1749</MarkerX>
             <MarkerY>861</MarkerY>
             <MarkerZ>3</MarkerZ>
         </Marker>
         <Marker>
             <MarkerX>1794</MarkerX>
             <MarkerY>840</MarkerY>
             <MarkerZ>3</MarkerZ>
         </Marker>
         <Marker>
             <MarkerX>1848</MarkerX>
             <MarkerY>867</MarkerY>
             <MarkerZ>3</MarkerZ>
         </Marker>
         <Marker>
             <MarkerX>1848</MarkerX>
             <MarkerY>900</MarkerY>
             <MarkerZ>3</MarkerZ>
         </Marker>
         <Marker>
             <MarkerX>1824</MarkerX>
             <MarkerY>942</MarkerY>
             <MarkerZ>3</MarkerZ>
         </Marker>
         <Marker>
             <MarkerX>1812</MarkerX>
             <MarkerY>975</MarkerY>
             <MarkerZ>3</MarkerZ>
         </Marker>
         <Marker>
             <MarkerX>1887</MarkerX>
             <MarkerY>987</MarkerY>
             <MarkerZ>3</MarkerZ>
         </Marker>
         <Marker>
             <MarkerX>1851</MarkerX>
             <MarkerY>1050</MarkerY>
             <MarkerZ>3</MarkerZ>
         </Marker>
         <Marker>
             <MarkerX>1806</MarkerX>
             <MarkerY>1065</MarkerY>
             <MarkerZ>3</MarkerZ>
         </Marker>
         <Marker>
             <MarkerX>1752</MarkerX>
             <MarkerY>1047</MarkerY>
             <MarkerZ>3</MarkerZ>
         </Marker>
         <Marker>
             <MarkerX>1728</MarkerX>
             <MarkerY>981</MarkerY>
             <MarkerZ>3</MarkerZ>
         </Marker>
         <Marker>
             <MarkerX>1686</MarkerX>
             <MarkerY>993</MarkerY>
             <MarkerZ>3</MarkerZ>
         </Marker>
         <Marker>
             <MarkerX>1650</MarkerX>
             <MarkerY>1011</MarkerY>
             <MarkerZ>3</MarkerZ>
         </Marker>
         <Marker>
             <MarkerX>1632</MarkerX>
             <MarkerY>942</MarkerY>
             <MarkerZ>3</MarkerZ>
         </Marker>
         <Marker>
             <MarkerX>1629</MarkerX>
             <MarkerY>879</MarkerY>
             <MarkerZ>3</MarkerZ>
         </Marker>
         <Marker>
             <MarkerX>1686</MarkerX>
             <MarkerY>903</MarkerY>
             <MarkerZ>3</MarkerZ>
         </Marker>
         <Marker>
             <MarkerX>1704</MarkerX>
             <MarkerY>924</MarkerY>
             <MarkerZ>3</MarkerZ>
         </Marker>
         <Marker>
             <MarkerX>1557</MarkerX>
             <MarkerY>837</MarkerY>
             <MarkerZ>3</MarkerZ>
         </Marker>
         <Marker>
             <MarkerX>1575</MarkerX>
             <MarkerY>813</MarkerY>
             <MarkerZ>3</MarkerZ>
         </Marker>
         <Marker>
             <MarkerX>1545</MarkerX>
             <MarkerY>894</MarkerY>
             <MarkerZ>3</MarkerZ>
         </Marker>
         <Marker>
             <MarkerX>1479</MarkerX>
             <MarkerY>834</MarkerY>
             <MarkerZ>3</MarkerZ>
         </Marker>
         <Marker>
             <MarkerX>1467</MarkerX>
             <MarkerY>906</MarkerY>
             <MarkerZ>3</MarkerZ>
         </Marker>
         <Marker>
             <MarkerX>1509</MarkerX>
             <MarkerY>948</MarkerY>
             <MarkerZ>3</MarkerZ>
         </Marker>
         <Marker>
             <MarkerX>1590</MarkerX>
             <MarkerY>975</MarkerY>
             <MarkerZ>3</MarkerZ>
         </Marker>
         <Marker>
             <MarkerX>1392</MarkerX>
             <MarkerY>921</MarkerY>
             <MarkerZ>3</MarkerZ>
         </Marker>
         <Marker>
             <MarkerX>1350</MarkerX>
             <MarkerY>876</MarkerY>
             <MarkerZ>3</MarkerZ>
         </Marker>
         <Marker>
             <MarkerX>1311</MarkerX>
             <MarkerY>921</MarkerY>
             <MarkerZ>3</MarkerZ>
         </Marker>
         <Marker>
             <MarkerX>1188</MarkerX>
             <MarkerY>897</MarkerY>
             <MarkerZ>3</MarkerZ>
         </Marker>
         <Marker>
             <MarkerX>1203</MarkerX>
             <MarkerY>918</MarkerY>
             <MarkerZ>3</MarkerZ>
         </Marker>
         <Marker>
             <MarkerX>1218</MarkerX>
             <MarkerY>960</MarkerY>
             <MarkerZ>3</MarkerZ>
         </Marker>
         <Marker>
             <MarkerX>1308</MarkerX>
             <MarkerY>963</MarkerY>
             <MarkerZ>3</MarkerZ>
         </Marker>
         <Marker>
             <MarkerX>1287</MarkerX>
             <MarkerY>1002</MarkerY>
             <MarkerZ>3</MarkerZ>
         </Marker>
         <Marker>
             <MarkerX>1359</MarkerX>
             <MarkerY>1020</MarkerY>
             <MarkerZ>3</MarkerZ>
         </Marker>
         <Marker>
             <MarkerX>1434</MarkerX>
             <MarkerY>948</MarkerY>
             <MarkerZ>3</MarkerZ>
         </Marker>
         <Marker>
             <MarkerX>1410</MarkerX>
             <MarkerY>1002</MarkerY>
             <MarkerZ>3</MarkerZ>
         </Marker>
         <Marker>
             <MarkerX>1500</MarkerX>
             <MarkerY>978</MarkerY>
             <MarkerZ>3</MarkerZ>
         </Marker>
         <Marker>
             <MarkerX>1512</MarkerX>
             <MarkerY>1020</MarkerY>
             <MarkerZ>3</MarkerZ>
         </Marker>
         <Marker>
             <MarkerX>1488</MarkerX>
             <MarkerY>1056</MarkerY>
             <MarkerZ>3</MarkerZ>
         </Marker>
         <Marker>
             <MarkerX>1476</MarkerX>
             <MarkerY>1083</MarkerY>
             <MarkerZ>3</MarkerZ>
         </Marker>
         <Marker>
             <MarkerX>1428</MarkerX>
             <MarkerY>1125</MarkerY>
             <MarkerZ>3</MarkerZ>
         </Marker>
         <Marker>
             <MarkerX>1566</MarkerX>
             <MarkerY>1101</MarkerY>
             <MarkerZ>3</MarkerZ>
         </Marker>
         <Marker>
             <MarkerX>1554</MarkerX>
             <MarkerY>1065</MarkerY>
             <MarkerZ>3</MarkerZ>
         </Marker>
         <Marker>
             <MarkerX>1623</MarkerX>
             <MarkerY>1089</MarkerY>
             <MarkerZ>3</MarkerZ>
         </Marker>
         <Marker>
             <MarkerX>1665</MarkerX>
             <MarkerY>1101</MarkerY>
             <MarkerZ>3</MarkerZ>
         </Marker>
         <Marker>
             <MarkerX>1701</MarkerX>
             <MarkerY>1089</MarkerY>
             <MarkerZ>3</MarkerZ>
         </Marker>
         <Marker>
             <MarkerX>1719</MarkerX>
             <MarkerY>1122</MarkerY>
             <MarkerZ>3</MarkerZ>
         </Marker>
         <Marker>
             <MarkerX>1761</MarkerX>
             <MarkerY>1125</MarkerY>
             <MarkerZ>3</MarkerZ>
         </Marker>
         <Marker>
             <MarkerX>1818</MarkerX>
             <MarkerY>1125</MarkerY>
             <MarkerZ>3</MarkerZ>
         </Marker>
         <Marker>
             <MarkerX>1878</MarkerX>
             <MarkerY>1098</MarkerY>
             <MarkerZ>3</MarkerZ>
         </Marker>
         <Marker>
             <MarkerX>1887</MarkerX>
             <MarkerY>1128</MarkerY>
             <MarkerZ>3</MarkerZ>
         </Marker>
         <Marker>
             <MarkerX>1893</MarkerX>
             <MarkerY>1188</MarkerY>
             <MarkerZ>3</MarkerZ>
         </Marker>
         <Marker>
             <MarkerX>1833</MarkerX>
             <MarkerY>1182</MarkerY>
             <MarkerZ>3</MarkerZ>
         </Marker>
         <Marker>
             <MarkerX>1818</MarkerX>
             <MarkerY>1215</MarkerY>
             <MarkerZ>3</MarkerZ>
         </Marker>
         <Marker>
             <MarkerX>1842</MarkerX>
             <MarkerY>1260</MarkerY>
             <MarkerZ>3</MarkerZ>
         </Marker>
         <Marker>
             <MarkerX>1842</MarkerX>
             <MarkerY>1275</MarkerY>
             <MarkerZ>3</MarkerZ>
         </Marker>
         <Marker>
             <MarkerX>1764</MarkerX>
             <MarkerY>1197</MarkerY>
             <MarkerZ>3</MarkerZ>
         </Marker>
         <Marker>
             <MarkerX>1722</MarkerX>
             <MarkerY>1194</MarkerY>
             <MarkerZ>3</MarkerZ>
         </Marker>
         <Marker>
             <MarkerX>1725</MarkerX>
             <MarkerY>1242</MarkerY>
             <MarkerZ>3</MarkerZ>
         </Marker>
         <Marker>
             <MarkerX>1749</MarkerX>
             <MarkerY>1284</MarkerY>
             <MarkerZ>3</MarkerZ>
         </Marker>
         <Marker>
             <MarkerX>1767</MarkerX>
             <MarkerY>1305</MarkerY>
             <MarkerZ>3</MarkerZ>
         </Marker>
         <Marker>
             <MarkerX>1866</MarkerX>
             <MarkerY>1371</MarkerY>
             <MarkerZ>3</MarkerZ>
         </Marker>
         <Marker>
             <MarkerX>1854</MarkerX>
             <MarkerY>1407</MarkerY>
             <MarkerZ>3</MarkerZ>
         </Marker>
         <Marker>
             <MarkerX>1791</MarkerX>
             <MarkerY>1398</MarkerY>
             <MarkerZ>3</MarkerZ>
         </Marker>
         <Marker>
             <MarkerX>1791</MarkerX>
             <MarkerY>1365</MarkerY>
             <MarkerZ>3</MarkerZ>
         </Marker>
         <Marker>
             <MarkerX>1740</MarkerX>
             <MarkerY>1326</MarkerY>
             <MarkerZ>3</MarkerZ>
         </Marker>
         <Marker>
             <MarkerX>1704</MarkerX>
             <MarkerY>1308</MarkerY>
             <MarkerZ>3</MarkerZ>
         </Marker>
         <Marker>
             <MarkerX>1665</MarkerX>
             <MarkerY>1308</MarkerY>
             <MarkerZ>3</MarkerZ>
         </Marker>
         <Marker>
             <MarkerX>1683</MarkerX>
             <MarkerY>1278</MarkerY>
             <MarkerZ>3</MarkerZ>
         </Marker>
         <Marker>
             <MarkerX>1665</MarkerX>
             <MarkerY>1236</MarkerY>
             <MarkerZ>3</MarkerZ>
         </Marker>
         <Marker>
             <MarkerX>1674</MarkerX>
             <MarkerY>1164</MarkerY>
             <MarkerZ>3</MarkerZ>
         </Marker>
         <Marker>
             <MarkerX>1626</MarkerX>
             <MarkerY>1230</MarkerY>
             <MarkerZ>3</MarkerZ>
         </Marker>
         <Marker>
             <MarkerX>1596</MarkerX>
             <MarkerY>1182</MarkerY>
             <MarkerZ>3</MarkerZ>
         </Marker>
         <Marker>
             <MarkerX>1518</MarkerX>
             <MarkerY>1128</MarkerY>
             <MarkerZ>3</MarkerZ>
         </Marker>
         <Marker>
             <MarkerX>1467</MarkerX>
             <MarkerY>1164</MarkerY>
             <MarkerZ>3</MarkerZ>
         </Marker>
         <Marker>
             <MarkerX>1524</MarkerX>
             <MarkerY>1188</MarkerY>
             <MarkerZ>3</MarkerZ>
         </Marker>
         <Marker>
             <MarkerX>1539</MarkerX>
             <MarkerY>1320</MarkerY>
             <MarkerZ>3</MarkerZ>
         </Marker>
         <Marker>
             <MarkerX>1572</MarkerX>
             <MarkerY>1335</MarkerY>
             <MarkerZ>3</MarkerZ>
         </Marker>
         <Marker>
             <MarkerX>1626</MarkerX>
             <MarkerY>1338</MarkerY>
             <MarkerZ>3</MarkerZ>
         </Marker>
         <Marker>
             <MarkerX>1650</MarkerX>
             <MarkerY>1377</MarkerY>
             <MarkerZ>3</MarkerZ>
         </Marker>
         <Marker>
             <MarkerX>1698</MarkerX>
             <MarkerY>1380</MarkerY>
             <MarkerZ>3</MarkerZ>
         </Marker>
         <Marker>
             <MarkerX>1761</MarkerX>
             <MarkerY>1377</MarkerY>
             <MarkerZ>3</MarkerZ>
         </Marker>
         <Marker>
             <MarkerX>1791</MarkerX>
             <MarkerY>1467</MarkerY>
             <MarkerZ>3</MarkerZ>
         </Marker>
         <Marker>
             <MarkerX>1812</MarkerX>
             <MarkerY>1443</MarkerY>
             <MarkerZ>3</MarkerZ>
         </Marker>
         <Marker>
             <MarkerX>1851</MarkerX>
             <MarkerY>1458</MarkerY>
             <MarkerZ>3</MarkerZ>
         </Marker>
         <Marker>
             <MarkerX>1827</MarkerX>
             <MarkerY>1476</MarkerY>
             <MarkerZ>3</MarkerZ>
         </Marker>
         <Marker>
             <MarkerX>1737</MarkerX>
             <MarkerY>1449</MarkerY>
             <MarkerZ>3</MarkerZ>
         </Marker>
         <Marker>
             <MarkerX>1704</MarkerX>
             <MarkerY>1467</MarkerY>
             <MarkerZ>3</MarkerZ>
         </Marker>
         <Marker>
             <MarkerX>1686</MarkerX>
             <MarkerY>1437</MarkerY>
             <MarkerZ>3</MarkerZ>
         </Marker>
         <Marker>
             <MarkerX>1659</MarkerX>
             <MarkerY>1464</MarkerY>
             <MarkerZ>3</MarkerZ>
         </Marker>
         <Marker>
             <MarkerX>1632</MarkerX>
             <MarkerY>1446</MarkerY>
             <MarkerZ>3</MarkerZ>
         </Marker>
         <Marker>
             <MarkerX>1575</MarkerX>
             <MarkerY>1434</MarkerY>
             <MarkerZ>3</MarkerZ>
         </Marker>
         <Marker>
             <MarkerX>1575</MarkerX>
             <MarkerY>1404</MarkerY>
             <MarkerZ>3</MarkerZ>
         </Marker>
         <Marker>
             <MarkerX>1614</MarkerX>
             <MarkerY>1383</MarkerY>
             <MarkerZ>3</MarkerZ>
         </Marker>
         <Marker>
             <MarkerX>1533</MarkerX>
             <MarkerY>1386</MarkerY>
             <MarkerZ>3</MarkerZ>
         </Marker>
         <Marker>
             <MarkerX>1506</MarkerX>
             <MarkerY>1425</MarkerY>
             <MarkerZ>3</MarkerZ>
         </Marker>
         <Marker>
             <MarkerX>1503</MarkerX>
             <MarkerY>1470</MarkerY>
             <MarkerZ>3</MarkerZ>
         </Marker>
         <Marker>
             <MarkerX>1464</MarkerX>
             <MarkerY>1428</MarkerY>
             <MarkerZ>3</MarkerZ>
         </Marker>
         <Marker>
             <MarkerX>1497</MarkerX>
             <MarkerY>1350</MarkerY>
             <MarkerZ>3</MarkerZ>
         </Marker>
         <Marker>
             <MarkerX>1434</MarkerX>
             <MarkerY>1362</MarkerY>
             <MarkerZ>3</MarkerZ>
         </Marker>
         <Marker>
             <MarkerX>1428</MarkerX>
             <MarkerY>1341</MarkerY>
             <MarkerZ>3</MarkerZ>
         </Marker>
         <Marker>
             <MarkerX>1419</MarkerX>
             <MarkerY>1242</MarkerY>
             <MarkerZ>3</MarkerZ>
         </Marker>
         <Marker>
             <MarkerX>1485</MarkerX>
             <MarkerY>1233</MarkerY>
             <MarkerZ>3</MarkerZ>
         </Marker>
         <Marker>
             <MarkerX>1365</MarkerX>
             <MarkerY>1164</MarkerY>
             <MarkerZ>3</MarkerZ>
         </Marker>
         <Marker>
             <MarkerX>1359</MarkerX>
             <MarkerY>1104</MarkerY>
             <MarkerZ>3</MarkerZ>
         </Marker>
         <Marker>
             <MarkerX>1305</MarkerX>
             <MarkerY>1062</MarkerY>
             <MarkerZ>3</MarkerZ>
         </Marker>
         <Marker>
             <MarkerX>1293</MarkerX>
             <MarkerY>1116</MarkerY>
             <MarkerZ>3</MarkerZ>
         </Marker>
         <Marker>
             <MarkerX>1335</MarkerX>
             <MarkerY>1146</MarkerY>
             <MarkerZ>3</MarkerZ>
         </Marker>
         <Marker>
             <MarkerX>1293</MarkerX>
             <MarkerY>1155</MarkerY>
             <MarkerZ>3</MarkerZ>
         </Marker>
         <Marker>
             <MarkerX>1215</MarkerX>
             <MarkerY>1107</MarkerY>
             <MarkerZ>3</MarkerZ>
         </Marker>
         <Marker>
             <MarkerX>1224</MarkerX>
             <MarkerY>1038</MarkerY>
             <MarkerZ>3</MarkerZ>
         </Marker>
         <Marker>
             <MarkerX>1182</MarkerX>
             <MarkerY>1023</MarkerY>
             <MarkerZ>3</MarkerZ>
         </Marker>
         <Marker>
             <MarkerX>1146</MarkerX>
             <MarkerY>1047</MarkerY>
             <MarkerZ>3</MarkerZ>
         </Marker>
         <Marker>
             <MarkerX>1122</MarkerX>
             <MarkerY>1071</MarkerY>
             <MarkerZ>3</MarkerZ>
         </Marker>
         <Marker>
             <MarkerX>1095</MarkerX>
             <MarkerY>1059</MarkerY>
             <MarkerZ>3</MarkerZ>
         </Marker>
         <Marker>
             <MarkerX>1161</MarkerX>
             <MarkerY>1098</MarkerY>
             <MarkerZ>3</MarkerZ>
         </Marker>
         <Marker>
             <MarkerX>1161</MarkerX>
             <MarkerY>1137</MarkerY>
             <MarkerZ>3</MarkerZ>
         </Marker>
         <Marker>
             <MarkerX>1152</MarkerX>
             <MarkerY>1203</MarkerY>
             <MarkerZ>3</MarkerZ>
         </Marker>
         <Marker>
             <MarkerX>1167</MarkerX>
             <MarkerY>1245</MarkerY>
             <MarkerZ>3</MarkerZ>
         </Marker>
         <Marker>
             <MarkerX>1272</MarkerX>
             <MarkerY>1227</MarkerY>
             <MarkerZ>3</MarkerZ>
         </Marker>
         <Marker>
             <MarkerX>1320</MarkerX>
             <MarkerY>1212</MarkerY>
             <MarkerZ>3</MarkerZ>
         </Marker>
         <Marker>
             <MarkerX>1362</MarkerX>
             <MarkerY>1206</MarkerY>
             <MarkerZ>3</MarkerZ>
         </Marker>
         <Marker>
             <MarkerX>1368</MarkerX>
             <MarkerY>1245</MarkerY>
             <MarkerZ>3</MarkerZ>
         </Marker>
         <Marker>
             <MarkerX>1368</MarkerX>
             <MarkerY>1347</MarkerY>
             <MarkerZ>3</MarkerZ>
         </Marker>
         <Marker>
             <MarkerX>1383</MarkerX>
             <MarkerY>1395</MarkerY>
             <MarkerZ>3</MarkerZ>
         </Marker>
         <Marker>
             <MarkerX>1317</MarkerX>
             <MarkerY>1362</MarkerY>
             <MarkerZ>3</MarkerZ>
         </Marker>
         <Marker>
             <MarkerX>1266</MarkerX>
             <MarkerY>1413</MarkerY>
             <MarkerZ>3</MarkerZ>
         </Marker>
         <Marker>
             <MarkerX>1272</MarkerX>
             <MarkerY>1464</MarkerY>
             <MarkerZ>3</MarkerZ>
         </Marker>
         <Marker>
             <MarkerX>1314</MarkerX>
             <MarkerY>1497</MarkerY>
             <MarkerZ>3</MarkerZ>
         </Marker>
         <Marker>
             <MarkerX>1380</MarkerX>
             <MarkerY>1461</MarkerY>
             <MarkerZ>3</MarkerZ>
         </Marker>
         <Marker>
             <MarkerX>1395</MarkerX>
             <MarkerY>1491</MarkerY>
             <MarkerZ>3</MarkerZ>
         </Marker>
         <Marker>
             <MarkerX>1497</MarkerX>
             <MarkerY>1512</MarkerY>
             <MarkerZ>3</MarkerZ>
         </Marker>
         <Marker>
             <MarkerX>1578</MarkerX>
             <MarkerY>1506</MarkerY>
             <MarkerZ>3</MarkerZ>
         </Marker>
         <Marker>
             <MarkerX>1689</MarkerX>
             <MarkerY>1512</MarkerY>
             <MarkerZ>3</MarkerZ>
         </Marker>
         <Marker>
             <MarkerX>1167</MarkerX>
             <MarkerY>1320</MarkerY>
             <MarkerZ>3</MarkerZ>
         </Marker>
         <Marker>
             <MarkerX>1185</MarkerX>
             <MarkerY>1413</MarkerY>
             <MarkerZ>3</MarkerZ>
         </Marker>
         <Marker>
             <MarkerX>1128</MarkerX>
             <MarkerY>1368</MarkerY>
             <MarkerZ>3</MarkerZ>
         </Marker>
         <Marker>
             <MarkerX>1086</MarkerX>
             <MarkerY>1317</MarkerY>
             <MarkerZ>3</MarkerZ>
         </Marker>
         <Marker>
             <MarkerX>1101</MarkerX>
             <MarkerY>1395</MarkerY>
             <MarkerZ>3</MarkerZ>
         </Marker>
         <Marker>
             <MarkerX>1104</MarkerX>
             <MarkerY>1434</MarkerY>
             <MarkerZ>3</MarkerZ>
         </Marker>
         <Marker>
             <MarkerX>1137</MarkerX>
             <MarkerY>1461</MarkerY>
             <MarkerZ>3</MarkerZ>
         </Marker>
         <Marker>
             <MarkerX>1146</MarkerX>
             <MarkerY>1461</MarkerY>
             <MarkerZ>3</MarkerZ>
         </Marker>
         <Marker>
             <MarkerX>1074</MarkerX>
             <MarkerY>1386</MarkerY>
             <MarkerZ>3</MarkerZ>
         </Marker>
         <Marker>
             <MarkerX>1050</MarkerX>
             <MarkerY>1290</MarkerY>
             <MarkerZ>3</MarkerZ>
         </Marker>
         <Marker>
             <MarkerX>1080</MarkerX>
             <MarkerY>1254</MarkerY>
             <MarkerZ>3</MarkerZ>
         </Marker>
         <Marker>
             <MarkerX>1086</MarkerX>
             <MarkerY>1197</MarkerY>
             <MarkerZ>3</MarkerZ>
         </Marker>
         <Marker>
             <MarkerX>1086</MarkerX>
             <MarkerY>1173</MarkerY>
             <MarkerZ>3</MarkerZ>
         </Marker>
         <Marker>
             <MarkerX>1086</MarkerX>
             <MarkerY>1113</MarkerY>
             <MarkerZ>3</MarkerZ>
         </Marker>
         <Marker>
             <MarkerX>1029</MarkerX>
             <MarkerY>1122</MarkerY>
             <MarkerZ>3</MarkerZ>
         </Marker>
         <Marker>
             <MarkerX>1026</MarkerX>
             <MarkerY>1050</MarkerY>
             <MarkerZ>3</MarkerZ>
         </Marker>
         <Marker>
             <MarkerX>1017</MarkerX>
             <MarkerY>1008</MarkerY>
             <MarkerZ>3</MarkerZ>
         </Marker>
         <Marker>
             <MarkerX>1011</MarkerX>
             <MarkerY>960</MarkerY>
             <MarkerZ>3</MarkerZ>
         </Marker>
         <Marker>
             <MarkerX>1092</MarkerX>
             <MarkerY>1008</MarkerY>
             <MarkerZ>3</MarkerZ>
         </Marker>
         <Marker>
             <MarkerX>999</MarkerX>
             <MarkerY>1005</MarkerY>
             <MarkerZ>3</MarkerZ>
         </Marker>
         <Marker>
             <MarkerX>954</MarkerX>
             <MarkerY>993</MarkerY>
             <MarkerZ>3</MarkerZ>
         </Marker>
         <Marker>
             <MarkerX>975</MarkerX>
             <MarkerY>951</MarkerY>
             <MarkerZ>3</MarkerZ>
         </Marker>
         <Marker>
             <MarkerX>1089</MarkerX>
             <MarkerY>927</MarkerY>
             <MarkerZ>3</MarkerZ>
         </Marker>
         <Marker>
             <MarkerX>1134</MarkerX>
             <MarkerY>903</MarkerY>
             <MarkerZ>3</MarkerZ>
         </Marker>
         <Marker>
             <MarkerX>936</MarkerX>
             <MarkerY>1053</MarkerY>
             <MarkerZ>3</MarkerZ>
         </Marker>
         <Marker>
             <MarkerX>921</MarkerX>
             <MarkerY>1110</MarkerY>
             <MarkerZ>3</MarkerZ>
         </Marker>
         <Marker>
             <MarkerX>885</MarkerX>
             <MarkerY>1038</MarkerY>
             <MarkerZ>3</MarkerZ>
         </Marker>
         <Marker>
             <MarkerX>873</MarkerX>
             <MarkerY>1110</MarkerY>
             <MarkerZ>3</MarkerZ>
         </Marker>
         <Marker>
             <MarkerX>900</MarkerX>
             <MarkerY>1179</MarkerY>
             <MarkerZ>3</MarkerZ>
         </Marker>
         <Marker>
             <MarkerX>933</MarkerX>
             <MarkerY>1203</MarkerY>
             <MarkerZ>3</MarkerZ>
         </Marker>
         <Marker>
             <MarkerX>993</MarkerX>
             <MarkerY>1152</MarkerY>
             <MarkerZ>3</MarkerZ>
         </Marker>
         <Marker>
             <MarkerX>1014</MarkerX>
             <MarkerY>1212</MarkerY>
             <MarkerZ>3</MarkerZ>
         </Marker>
         <Marker>
             <MarkerX>987</MarkerX>
             <MarkerY>1293</MarkerY>
             <MarkerZ>3</MarkerZ>
         </Marker>
         <Marker>
             <MarkerX>921</MarkerX>
             <MarkerY>1263</MarkerY>
             <MarkerZ>3</MarkerZ>
         </Marker>
         <Marker>
             <MarkerX>843</MarkerX>
             <MarkerY>1251</MarkerY>
             <MarkerZ>3</MarkerZ>
         </Marker>
         <Marker>
             <MarkerX>840</MarkerX>
             <MarkerY>1305</MarkerY>
             <MarkerZ>3</MarkerZ>
         </Marker>
         <Marker>
             <MarkerX>906</MarkerX>
             <MarkerY>1347</MarkerY>
             <MarkerZ>3</MarkerZ>
         </Marker>
         <Marker>
             <MarkerX>996</MarkerX>
             <MarkerY>1377</MarkerY>
             <MarkerZ>3</MarkerZ>
         </Marker>
         <Marker>
             <MarkerX>915</MarkerX>
             <MarkerY>1476</MarkerY>
             <MarkerZ>3</MarkerZ>
         </Marker>
         <Marker>
             <MarkerX>867</MarkerX>
             <MarkerY>1431</MarkerY>
             <MarkerZ>3</MarkerZ>
         </Marker>
         <Marker>
             <MarkerX>963</MarkerX>
             <MarkerY>1488</MarkerY>
             <MarkerZ>3</MarkerZ>
         </Marker>
         <Marker>
             <MarkerX>789</MarkerX>
             <MarkerY>1389</MarkerY>
             <MarkerZ>3</MarkerZ>
         </Marker>
         <Marker>
             <MarkerX>795</MarkerX>
             <MarkerY>1449</MarkerY>
             <MarkerZ>3</MarkerZ>
         </Marker>
         <Marker>
             <MarkerX>729</MarkerX>
             <MarkerY>1479</MarkerY>
             <MarkerZ>3</MarkerZ>
         </Marker>
         <Marker>
             <MarkerX>723</MarkerX>
             <MarkerY>1401</MarkerY>
             <MarkerZ>3</MarkerZ>
         </Marker>
         <Marker>
             <MarkerX>669</MarkerX>
             <MarkerY>1323</MarkerY>
             <MarkerZ>3</MarkerZ>
         </Marker>
         <Marker>
             <MarkerX>663</MarkerX>
             <MarkerY>1236</MarkerY>
             <MarkerZ>3</MarkerZ>
         </Marker>
         <Marker>
             <MarkerX>618</MarkerX>
             <MarkerY>1218</MarkerY>
             <MarkerZ>3</MarkerZ>
         </Marker>
         <Marker>
             <MarkerX>714</MarkerX>
             <MarkerY>1176</MarkerY>
             <MarkerZ>3</MarkerZ>
         </Marker>
         <Marker>
             <MarkerX>696</MarkerX>
             <MarkerY>1206</MarkerY>
             <MarkerZ>3</MarkerZ>
         </Marker>
         <Marker>
             <MarkerX>756</MarkerX>
             <MarkerY>1236</MarkerY>
             <MarkerZ>3</MarkerZ>
         </Marker>
         <Marker>
             <MarkerX>753</MarkerX>
             <MarkerY>1302</MarkerY>
             <MarkerZ>3</MarkerZ>
         </Marker>
         <Marker>
             <MarkerX>666</MarkerX>
             <MarkerY>1128</MarkerY>
             <MarkerZ>3</MarkerZ>
         </Marker>
         <Marker>
             <MarkerX>687</MarkerX>
             <MarkerY>1080</MarkerY>
             <MarkerZ>3</MarkerZ>
         </Marker>
         <Marker>
             <MarkerX>633</MarkerX>
             <MarkerY>1062</MarkerY>
             <MarkerZ>3</MarkerZ>
         </Marker>
         <Marker>
             <MarkerX>612</MarkerX>
             <MarkerY>1005</MarkerY>
             <MarkerZ>3</MarkerZ>
         </Marker>
         <Marker>
             <MarkerX>558</MarkerX>
             <MarkerY>1002</MarkerY>
             <MarkerZ>3</MarkerZ>
         </Marker>
         <Marker>
             <MarkerX>510</MarkerX>
             <MarkerY>1041</MarkerY>
             <MarkerZ>3</MarkerZ>
         </Marker>
         <Marker>
             <MarkerX>483</MarkerX>
             <MarkerY>1068</MarkerY>
             <MarkerZ>3</MarkerZ>
         </Marker>
         <Marker>
             <MarkerX>594</MarkerX>
             <MarkerY>1113</MarkerY>
             <MarkerZ>3</MarkerZ>
         </Marker>
         <Marker>
             <MarkerX>459</MarkerX>
             <MarkerY>1128</MarkerY>
             <MarkerZ>3</MarkerZ>
         </Marker>
         <Marker>
             <MarkerX>534</MarkerX>
             <MarkerY>1182</MarkerY>
             <MarkerZ>3</MarkerZ>
         </Marker>
         <Marker>
             <MarkerX>543</MarkerX>
             <MarkerY>1209</MarkerY>
             <MarkerZ>3</MarkerZ>
         </Marker>
         <Marker>
             <MarkerX>471</MarkerX>
             <MarkerY>1245</MarkerY>
             <MarkerZ>3</MarkerZ>
         </Marker>
         <Marker>
             <MarkerX>570</MarkerX>
             <MarkerY>1287</MarkerY>
             <MarkerZ>3</MarkerZ>
         </Marker>
         <Marker>
             <MarkerX>624</MarkerX>
             <MarkerY>1359</MarkerY>
             <MarkerZ>3</MarkerZ>
         </Marker>
         <Marker>
             <MarkerX>516</MarkerX>
             <MarkerY>1371</MarkerY>
             <MarkerZ>3</MarkerZ>
         </Marker>
         <Marker>
             <MarkerX>567</MarkerX>
             <MarkerY>1443</MarkerY>
             <MarkerZ>3</MarkerZ>
         </Marker>
         <Marker>
             <MarkerX>615</MarkerX>
             <MarkerY>1440</MarkerY>
             <MarkerZ>3</MarkerZ>
         </Marker>
         <Marker>
             <MarkerX>459</MarkerX>
             <MarkerY>1344</MarkerY>
             <MarkerZ>3</MarkerZ>
         </Marker>
         <Marker>
             <MarkerX>378</MarkerX>
             <MarkerY>1302</MarkerY>
             <MarkerZ>3</MarkerZ>
         </Marker>
         <Marker>
             <MarkerX>375</MarkerX>
             <MarkerY>1239</MarkerY>
             <MarkerZ>3</MarkerZ>
         </Marker>
         <Marker>
             <MarkerX>324</MarkerX>
             <MarkerY>1329</MarkerY>
             <MarkerZ>3</MarkerZ>
         </Marker>
         <Marker>
             <MarkerX>270</MarkerX>
             <MarkerY>1281</MarkerY>
             <MarkerZ>3</MarkerZ>
         </Marker>
         <Marker>
             <MarkerX>258</MarkerX>
             <MarkerY>1164</MarkerY>
             <MarkerZ>3</MarkerZ>
         </Marker>
         <Marker>
             <MarkerX>339</MarkerX>
             <MarkerY>1158</MarkerY>
             <MarkerZ>3</MarkerZ>
         </Marker>
         <Marker>
             <MarkerX>321</MarkerX>
             <MarkerY>1095</MarkerY>
             <MarkerZ>3</MarkerZ>
         </Marker>
         <Marker>
             <MarkerX>282</MarkerX>
             <MarkerY>1089</MarkerY>
             <MarkerZ>3</MarkerZ>
         </Marker>
         <Marker>
             <MarkerX>246</MarkerX>
             <MarkerY>1086</MarkerY>
             <MarkerZ>3</MarkerZ>
         </Marker>
         <Marker>
             <MarkerX>285</MarkerX>
             <MarkerY>978</MarkerY>
             <MarkerZ>3</MarkerZ>
         </Marker>
         <Marker>
             <MarkerX>327</MarkerX>
             <MarkerY>948</MarkerY>
             <MarkerZ>3</MarkerZ>
         </Marker>
         <Marker>
             <MarkerX>384</MarkerX>
             <MarkerY>1029</MarkerY>
             <MarkerZ>3</MarkerZ>
         </Marker>
         <Marker>
             <MarkerX>381</MarkerX>
             <MarkerY>945</MarkerY>
             <MarkerZ>3</MarkerZ>
         </Marker>
         <Marker>
             <MarkerX>462</MarkerX>
             <MarkerY>954</MarkerY>
             <MarkerZ>3</MarkerZ>
         </Marker>
         <Marker>
             <MarkerX>462</MarkerX>
             <MarkerY>891</MarkerY>
             <MarkerZ>3</MarkerZ>
         </Marker>
         <Marker>
             <MarkerX>450</MarkerX>
             <MarkerY>852</MarkerY>
             <MarkerZ>3</MarkerZ>
         </Marker>
         <Marker>
             <MarkerX>534</MarkerX>
             <MarkerY>879</MarkerY>
             <MarkerZ>3</MarkerZ>
         </Marker>
         <Marker>
             <MarkerX>558</MarkerX>
             <MarkerY>927</MarkerY>
             <MarkerZ>3</MarkerZ>
         </Marker>
         <Marker>
             <MarkerX>579</MarkerX>
             <MarkerY>867</MarkerY>
             <MarkerZ>3</MarkerZ>
         </Marker>
         <Marker>
             <MarkerX>597</MarkerX>
             <MarkerY>828</MarkerY>
             <MarkerZ>3</MarkerZ>
         </Marker>
         <Marker>
             <MarkerX>597</MarkerX>
             <MarkerY>795</MarkerY>
             <MarkerZ>3</MarkerZ>
         </Marker>
         <Marker>
             <MarkerX>636</MarkerX>
             <MarkerY>828</MarkerY>
             <MarkerZ>3</MarkerZ>
         </Marker>
         <Marker>
             <MarkerX>669</MarkerX>
             <MarkerY>897</MarkerY>
             <MarkerZ>3</MarkerZ>
         </Marker>
         <Marker>
             <MarkerX>675</MarkerX>
             <MarkerY>843</MarkerY>
             <MarkerZ>3</MarkerZ>
         </Marker>
         <Marker>
             <MarkerX>711</MarkerX>
             <MarkerY>903</MarkerY>
             <MarkerZ>3</MarkerZ>
         </Marker>
         <Marker>
             <MarkerX>750</MarkerX>
             <MarkerY>939</MarkerY>
             <MarkerZ>3</MarkerZ>
         </Marker>
         <Marker>
             <MarkerX>711</MarkerX>
             <MarkerY>960</MarkerY>
             <MarkerZ>3</MarkerZ>
         </Marker>
         <Marker>
             <MarkerX>714</MarkerX>
             <MarkerY>1002</MarkerY>
             <MarkerZ>3</MarkerZ>
         </Marker>
         <Marker>
             <MarkerX>774</MarkerX>
             <MarkerY>1008</MarkerY>
             <MarkerZ>3</MarkerZ>
         </Marker>
         <Marker>
             <MarkerX>801</MarkerX>
             <MarkerY>990</MarkerY>
             <MarkerZ>3</MarkerZ>
         </Marker>
         <Marker>
             <MarkerX>810</MarkerX>
             <MarkerY>975</MarkerY>
             <MarkerZ>3</MarkerZ>
         </Marker>
         <Marker>
             <MarkerX>663</MarkerX>
             <MarkerY>786</MarkerY>
             <MarkerZ>3</MarkerZ>
         </Marker>
         <Marker>
             <MarkerX>633</MarkerX>
             <MarkerY>714</MarkerY>
             <MarkerZ>3</MarkerZ>
         </Marker>
         <Marker>
             <MarkerX>675</MarkerX>
             <MarkerY>642</MarkerY>
             <MarkerZ>3</MarkerZ>
         </Marker>
         <Marker>
             <MarkerX>675</MarkerX>
             <MarkerY>600</MarkerY>
             <MarkerZ>3</MarkerZ>
         </Marker>
         <Marker>
             <MarkerX>681</MarkerX>
             <MarkerY>570</MarkerY>
             <MarkerZ>3</MarkerZ>
         </Marker>
         <Marker>
             <MarkerX>720</MarkerX>
             <MarkerY>606</MarkerY>
             <MarkerZ>3</MarkerZ>
         </Marker>
         <Marker>
             <MarkerX>699</MarkerX>
             <MarkerY>540</MarkerY>
             <MarkerZ>3</MarkerZ>
         </Marker>
         <Marker>
             <MarkerX>750</MarkerX>
             <MarkerY>537</MarkerY>
             <MarkerZ>3</MarkerZ>
         </Marker>
         <Marker>
             <MarkerX>771</MarkerX>
             <MarkerY>549</MarkerY>
             <MarkerZ>3</MarkerZ>
         </Marker>
         <Marker>
             <MarkerX>816</MarkerX>
             <MarkerY>498</MarkerY>
             <MarkerZ>3</MarkerZ>
         </Marker>
         <Marker>
             <MarkerX>819</MarkerX>
             <MarkerY>435</MarkerY>
             <MarkerZ>3</MarkerZ>
         </Marker>
         <Marker>
             <MarkerX>843</MarkerX>
             <MarkerY>450</MarkerY>
             <MarkerZ>3</MarkerZ>
         </Marker>
         <Marker>
             <MarkerX>870</MarkerX>
             <MarkerY>408</MarkerY>
             <MarkerZ>3</MarkerZ>
         </Marker>
         <Marker>
             <MarkerX>864</MarkerX>
             <MarkerY>399</MarkerY>
             <MarkerZ>3</MarkerZ>
         </Marker>
         <Marker>
             <MarkerX>900</MarkerX>
             <MarkerY>363</MarkerY>
             <MarkerZ>3</MarkerZ>
         </Marker>
         <Marker>
             <MarkerX>828</MarkerX>
             <MarkerY>348</MarkerY>
             <MarkerZ>3</MarkerZ>
         </Marker>
         <Marker>
             <MarkerX>816</MarkerX>
             <MarkerY>276</MarkerY>
             <MarkerZ>3</MarkerZ>
         </Marker>
         <Marker>
             <MarkerX>756</MarkerX>
             <MarkerY>372</MarkerY>
             <MarkerZ>3</MarkerZ>
         </Marker>
         <Marker>
             <MarkerX>741</MarkerX>
             <MarkerY>315</MarkerY>
             <MarkerZ>3</MarkerZ>
         </Marker>
         <Marker>
             <MarkerX>699</MarkerX>
             <MarkerY>378</MarkerY>
             <MarkerZ>3</MarkerZ>
         </Marker>
         <Marker>
             <MarkerX>702</MarkerX>
             <MarkerY>444</MarkerY>
             <MarkerZ>3</MarkerZ>
         </Marker>
         <Marker>
             <MarkerX>657</MarkerX>
             <MarkerY>456</MarkerY>
             <MarkerZ>3</MarkerZ>
         </Marker>
         <Marker>
             <MarkerX>741</MarkerX>
             <MarkerY>462</MarkerY>
             <MarkerZ>3</MarkerZ>
         </Marker>
         <Marker>
             <MarkerX>576</MarkerX>
             <MarkerY>465</MarkerY>
             <MarkerZ>3</MarkerZ>
         </Marker>
         <Marker>
             <MarkerX>585</MarkerX>
             <MarkerY>558</MarkerY>
             <MarkerZ>3</MarkerZ>
         </Marker>
         <Marker>
             <MarkerX>573</MarkerX>
             <MarkerY>615</MarkerY>
             <MarkerZ>3</MarkerZ>
         </Marker>
         <Marker>
             <MarkerX>516</MarkerX>
             <MarkerY>597</MarkerY>
             <MarkerZ>3</MarkerZ>
         </Marker>
         <Marker>
             <MarkerX>534</MarkerX>
             <MarkerY>687</MarkerY>
             <MarkerZ>3</MarkerZ>
         </Marker>
         <Marker>
             <MarkerX>534</MarkerX>
             <MarkerY>726</MarkerY>
             <MarkerZ>3</MarkerZ>
         </Marker>
         <Marker>
             <MarkerX>468</MarkerX>
             <MarkerY>693</MarkerY>
             <MarkerZ>3</MarkerZ>
         </Marker>
         <Marker>
             <MarkerX>438</MarkerX>
             <MarkerY>648</MarkerY>
             <MarkerZ>3</MarkerZ>
         </Marker>
         <Marker>
             <MarkerX>480</MarkerX>
             <MarkerY>777</MarkerY>
             <MarkerZ>3</MarkerZ>
         </Marker>
         <Marker>
             <MarkerX>405</MarkerX>
             <MarkerY>768</MarkerY>
             <MarkerZ>3</MarkerZ>
         </Marker>
         <Marker>
             <MarkerX>339</MarkerX>
             <MarkerY>774</MarkerY>
             <MarkerZ>3</MarkerZ>
         </Marker>
         <Marker>
             <MarkerX>339</MarkerX>
             <MarkerY>834</MarkerY>
             <MarkerZ>3</MarkerZ>
         </Marker>
         <Marker>
             <MarkerX>390</MarkerX>
             <MarkerY>852</MarkerY>
             <MarkerZ>3</MarkerZ>
         </Marker>
         <Marker>
             <MarkerX>294</MarkerX>
             <MarkerY>912</MarkerY>
             <MarkerZ>3</MarkerZ>
         </Marker>
         <Marker>
             <MarkerX>171</MarkerX>
             <MarkerY>990</MarkerY>
             <MarkerZ>3</MarkerZ>
         </Marker>
         <Marker>
             <MarkerX>129</MarkerX>
             <MarkerY>933</MarkerY>
             <MarkerZ>3</MarkerZ>
         </Marker>
         <Marker>
             <MarkerX>165</MarkerX>
             <MarkerY>885</MarkerY>
             <MarkerZ>3</MarkerZ>
         </Marker>
         <Marker>
             <MarkerX>210</MarkerX>
             <MarkerY>885</MarkerY>
             <MarkerZ>3</MarkerZ>
         </Marker>
         <Marker>
             <MarkerX>132</MarkerX>
             <MarkerY>864</MarkerY>
             <MarkerZ>3</MarkerZ>
         </Marker>
         <Marker>
             <MarkerX>99</MarkerX>
             <MarkerY>873</MarkerY>
             <MarkerZ>3</MarkerZ>
         </Marker>
         <Marker>
             <MarkerX>57</MarkerX>
             <MarkerY>903</MarkerY>
             <MarkerZ>3</MarkerZ>
         </Marker>
         <Marker>
             <MarkerX>57</MarkerX>
             <MarkerY>1017</MarkerY>
             <MarkerZ>3</MarkerZ>
         </Marker>
         <Marker>
             <MarkerX>39</MarkerX>
             <MarkerY>1098</MarkerY>
             <MarkerZ>3</MarkerZ>
         </Marker>
         <Marker>
             <MarkerX>87</MarkerX>
             <MarkerY>1146</MarkerY>
             <MarkerZ>3</MarkerZ>
         </Marker>
         <Marker>
             <MarkerX>36</MarkerX>
             <MarkerY>1203</MarkerY>
             <MarkerZ>3</MarkerZ>
         </Marker>
         <Marker>
             <MarkerX>99</MarkerX>
             <MarkerY>1239</MarkerY>
             <MarkerZ>3</MarkerZ>
         </Marker>
         <Marker>
             <MarkerX>156</MarkerX>
             <MarkerY>1209</MarkerY>
             <MarkerZ>3</MarkerZ>
         </Marker>
         <Marker>
             <MarkerX>165</MarkerX>
             <MarkerY>1101</MarkerY>
             <MarkerZ>3</MarkerZ>
         </Marker>
         <Marker>
             <MarkerX>189</MarkerX>
             <MarkerY>1254</MarkerY>
             <MarkerZ>3</MarkerZ>
         </Marker>
         <Marker>
             <MarkerX>189</MarkerX>
             <MarkerY>1353</MarkerY>
             <MarkerZ>3</MarkerZ>
         </Marker>
         <Marker>
             <MarkerX>96</MarkerX>
             <MarkerY>1317</MarkerY>
             <MarkerZ>3</MarkerZ>
         </Marker>
         <Marker>
             <MarkerX>105</MarkerX>
             <MarkerY>1395</MarkerY>
             <MarkerZ>3</MarkerZ>
         </Marker>
         <Marker>
             <MarkerX>42</MarkerX>
             <MarkerY>1311</MarkerY>
             <MarkerZ>3</MarkerZ>
         </Marker>
         <Marker>
             <MarkerX>24</MarkerX>
             <MarkerY>1383</MarkerY>
             <MarkerZ>3</MarkerZ>
         </Marker>
         <Marker>
             <MarkerX>39</MarkerX>
             <MarkerY>1443</MarkerY>
             <MarkerZ>3</MarkerZ>
         </Marker>
         <Marker>
             <MarkerX>129</MarkerX>
             <MarkerY>1500</MarkerY>
             <MarkerZ>3</MarkerZ>
         </Marker>
         <Marker>
             <MarkerX>186</MarkerX>
             <MarkerY>1446</MarkerY>
             <MarkerZ>3</MarkerZ>
         </Marker>
         <Marker>
             <MarkerX>249</MarkerX>
             <MarkerY>1404</MarkerY>
             <MarkerZ>3</MarkerZ>
         </Marker>
         <Marker>
             <MarkerX>243</MarkerX>
             <MarkerY>1497</MarkerY>
             <MarkerZ>3</MarkerZ>
         </Marker>
         <Marker>
             <MarkerX>354</MarkerX>
             <MarkerY>1461</MarkerY>
             <MarkerZ>3</MarkerZ>
         </Marker>
         <Marker>
             <MarkerX>402</MarkerX>
             <MarkerY>1389</MarkerY>
             <MarkerZ>3</MarkerZ>
         </Marker>
         <Marker>
             <MarkerX>102</MarkerX>
             <MarkerY>813</MarkerY>
             <MarkerZ>3</MarkerZ>
         </Marker>
         <Marker>
             <MarkerX>111</MarkerX>
             <MarkerY>774</MarkerY>
             <MarkerZ>3</MarkerZ>
         </Marker>
         <Marker>
             <MarkerX>120</MarkerX>
             <MarkerY>735</MarkerY>
             <MarkerZ>3</MarkerZ>
         </Marker>
         <Marker>
             <MarkerX>177</MarkerX>
             <MarkerY>720</MarkerY>
             <MarkerZ>3</MarkerZ>
         </Marker>
         <Marker>
             <MarkerX>180</MarkerX>
             <MarkerY>807</MarkerY>
             <MarkerZ>3</MarkerZ>
         </Marker>
         <Marker>
             <MarkerX>219</MarkerX>
             <MarkerY>786</MarkerY>
             <MarkerZ>3</MarkerZ>
         </Marker>
         <Marker>
             <MarkerX>252</MarkerX>
             <MarkerY>837</MarkerY>
             <MarkerZ>3</MarkerZ>
         </Marker>
         <Marker>
             <MarkerX>288</MarkerX>
             <MarkerY>822</MarkerY>
             <MarkerZ>3</MarkerZ>
         </Marker>
         <Marker>
             <MarkerX>291</MarkerX>
             <MarkerY>765</MarkerY>
             <MarkerZ>3</MarkerZ>
         </Marker>
         <Marker>
             <MarkerX>336</MarkerX>
             <MarkerY>711</MarkerY>
             <MarkerZ>3</MarkerZ>
         </Marker>
         <Marker>
             <MarkerX>288</MarkerX>
             <MarkerY>651</MarkerY>
             <MarkerZ>3</MarkerZ>
         </Marker>
         <Marker>
             <MarkerX>354</MarkerX>
             <MarkerY>681</MarkerY>
             <MarkerZ>3</MarkerZ>
         </Marker>
         <Marker>
             <MarkerX>375</MarkerX>
             <MarkerY>612</MarkerY>
             <MarkerZ>3</MarkerZ>
         </Marker>
         <Marker>
             <MarkerX>330</MarkerX>
             <MarkerY>615</MarkerY>
             <MarkerZ>3</MarkerZ>
         </Marker>
         <Marker>
             <MarkerX>318</MarkerX>
             <MarkerY>570</MarkerY>
             <MarkerZ>3</MarkerZ>
         </Marker>
         <Marker>
             <MarkerX>276</MarkerX>
             <MarkerY>591</MarkerY>
             <MarkerZ>3</MarkerZ>
         </Marker>
         <Marker>
             <MarkerX>231</MarkerX>
             <MarkerY>627</MarkerY>
             <MarkerZ>3</MarkerZ>
         </Marker>
         <Marker>
             <MarkerX>201</MarkerX>
             <MarkerY>612</MarkerY>
             <MarkerZ>3</MarkerZ>
         </Marker>
         <Marker>
             <MarkerX>156</MarkerX>
             <MarkerY>612</MarkerY>
             <MarkerZ>3</MarkerZ>
         </Marker>
         <Marker>
             <MarkerX>153</MarkerX>
             <MarkerY>654</MarkerY>
             <MarkerZ>3</MarkerZ>
         </Marker>
         <Marker>
             <MarkerX>111</MarkerX>
             <MarkerY>690</MarkerY>
             <MarkerZ>3</MarkerZ>
         </Marker>
         <Marker>
             <MarkerX>78</MarkerX>
             <MarkerY>666</MarkerY>
             <MarkerZ>3</MarkerZ>
         </Marker>
         <Marker>
             <MarkerX>54</MarkerX>
             <MarkerY>690</MarkerY>
             <MarkerZ>3</MarkerZ>
         </Marker>
         <Marker>
             <MarkerX>63</MarkerX>
             <MarkerY>750</MarkerY>
             <MarkerZ>3</MarkerZ>
         </Marker>
         <Marker>
             <MarkerX>30</MarkerX>
             <MarkerY>750</MarkerY>
             <MarkerZ>3</MarkerZ>
         </Marker>
         <Marker>
             <MarkerX>27</MarkerX>
             <MarkerY>786</MarkerY>
             <MarkerZ>3</MarkerZ>
         </Marker>
         <Marker>
             <MarkerX>27</MarkerX>
             <MarkerY>828</MarkerY>
             <MarkerZ>3</MarkerZ>
         </Marker>
         <Marker>
             <MarkerX>108</MarkerX>
             <MarkerY>573</MarkerY>
             <MarkerZ>3</MarkerZ>
         </Marker>
         <Marker>
             <MarkerX>69</MarkerX>
             <MarkerY>555</MarkerY>
             <MarkerZ>3</MarkerZ>
         </Marker>
         <Marker>
             <MarkerX>165</MarkerX>
             <MarkerY>459</MarkerY>
             <MarkerZ>3</MarkerZ>
         </Marker>
         <Marker>
             <MarkerX>198</MarkerX>
             <MarkerY>540</MarkerY>
             <MarkerZ>3</MarkerZ>
         </Marker>
         <Marker>
             <MarkerX>255</MarkerX>
             <MarkerY>540</MarkerY>
             <MarkerZ>3</MarkerZ>
         </Marker>
         <Marker>
             <MarkerX>234</MarkerX>
             <MarkerY>474</MarkerY>
             <MarkerZ>3</MarkerZ>
         </Marker>
         <Marker>
             <MarkerX>300</MarkerX>
             <MarkerY>492</MarkerY>
             <MarkerZ>3</MarkerZ>
         </Marker>
         <Marker>
             <MarkerX>324</MarkerX>
             <MarkerY>525</MarkerY>
             <MarkerZ>3</MarkerZ>
         </Marker>
         <Marker>
             <MarkerX>348</MarkerX>
             <MarkerY>438</MarkerY>
             <MarkerZ>3</MarkerZ>
         </Marker>
         <Marker>
             <MarkerX>375</MarkerX>
             <MarkerY>468</MarkerY>
             <MarkerZ>3</MarkerZ>
         </Marker>
         <Marker>
             <MarkerX>429</MarkerX>
             <MarkerY>390</MarkerY>
             <MarkerZ>3</MarkerZ>
         </Marker>
         <Marker>
             <MarkerX>447</MarkerX>
             <MarkerY>435</MarkerY>
             <MarkerZ>3</MarkerZ>
         </Marker>
         <Marker>
             <MarkerX>438</MarkerX>
             <MarkerY>477</MarkerY>
             <MarkerZ>3</MarkerZ>
         </Marker>
         <Marker>
             <MarkerX>423</MarkerX>
             <MarkerY>531</MarkerY>
             <MarkerZ>3</MarkerZ>
         </Marker>
         <Marker>
             <MarkerX>423</MarkerX>
             <MarkerY>576</MarkerY>
             <MarkerZ>3</MarkerZ>
         </Marker>
         <Marker>
             <MarkerX>468</MarkerX>
             <MarkerY>567</MarkerY>
             <MarkerZ>3</MarkerZ>
         </Marker>
         <Marker>
             <MarkerX>507</MarkerX>
             <MarkerY>519</MarkerY>
             <MarkerZ>3</MarkerZ>
         </Marker>
         <Marker>
             <MarkerX>579</MarkerX>
             <MarkerY>411</MarkerY>
             <MarkerZ>3</MarkerZ>
         </Marker>
         <Marker>
             <MarkerX>627</MarkerX>
             <MarkerY>378</MarkerY>
             <MarkerZ>3</MarkerZ>
         </Marker>
         <Marker>
             <MarkerX>594</MarkerX>
             <MarkerY>330</MarkerY>
             <MarkerZ>3</MarkerZ>
         </Marker>
         <Marker>
             <MarkerX>645</MarkerX>
             <MarkerY>315</MarkerY>
             <MarkerZ>3</MarkerZ>
         </Marker>
         <Marker>
             <MarkerX>606</MarkerX>
             <MarkerY>276</MarkerY>
             <MarkerZ>3</MarkerZ>
         </Marker>
         <Marker>
             <MarkerX>624</MarkerX>
             <MarkerY>234</MarkerY>
             <MarkerZ>3</MarkerZ>
         </Marker>
         <Marker>
             <MarkerX>693</MarkerX>
             <MarkerY>255</MarkerY>
             <MarkerZ>3</MarkerZ>
         </Marker>
         <Marker>
             <MarkerX>717</MarkerX>
             <MarkerY>237</MarkerY>
             <MarkerZ>3</MarkerZ>
         </Marker>
         <Marker>
             <MarkerX>744</MarkerX>
             <MarkerY>204</MarkerY>
             <MarkerZ>3</MarkerZ>
         </Marker>
         <Marker>
             <MarkerX>825</MarkerX>
             <MarkerY>174</MarkerY>
             <MarkerZ>3</MarkerZ>
         </Marker>
         <Marker>
             <MarkerX>858</MarkerX>
             <MarkerY>105</MarkerY>
             <MarkerZ>3</MarkerZ>
         </Marker>
         <Marker>
             <MarkerX>897</MarkerX>
             <MarkerY>210</MarkerY>
             <MarkerZ>3</MarkerZ>
         </Marker>
         <Marker>
             <MarkerX>897</MarkerX>
             <MarkerY>279</MarkerY>
             <MarkerZ>3</MarkerZ>
         </Marker>
         <Marker>
             <MarkerX>963</MarkerX>
             <MarkerY>105</MarkerY>
             <MarkerZ>3</MarkerZ>
         </Marker>
         <Marker>
             <MarkerX>1002</MarkerX>
             <MarkerY>93</MarkerY>
             <MarkerZ>3</MarkerZ>
         </Marker>
         <Marker>
             <MarkerX>873</MarkerX>
             <MarkerY>69</MarkerY>
             <MarkerZ>3</MarkerZ>
         </Marker>
         <Marker>
             <MarkerX>888</MarkerX>
             <MarkerY>39</MarkerY>
             <MarkerZ>3</MarkerZ>
         </Marker>
         <Marker>
             <MarkerX>837</MarkerX>
             <MarkerY>24</MarkerY>
             <MarkerZ>3</MarkerZ>
         </Marker>
         <Marker>
             <MarkerX>792</MarkerX>
             <MarkerY>24</MarkerY>
             <MarkerZ>3</MarkerZ>
         </Marker>
         <Marker>
             <MarkerX>789</MarkerX>
             <MarkerY>75</MarkerY>
             <MarkerZ>3</MarkerZ>
         </Marker>
         <Marker>
             <MarkerX>744</MarkerX>
             <MarkerY>75</MarkerY>
             <MarkerZ>3</MarkerZ>
         </Marker>
         <Marker>
             <MarkerX>726</MarkerX>
             <MarkerY>120</MarkerY>
             <MarkerZ>3</MarkerZ>
         </Marker>
         <Marker>
             <MarkerX>678</MarkerX>
             <MarkerY>99</MarkerY>
             <MarkerZ>3</MarkerZ>
         </Marker>
         <Marker>
             <MarkerX>684</MarkerX>
             <MarkerY>153</MarkerY>
             <MarkerZ>3</MarkerZ>
         </Marker>
         <Marker>
             <MarkerX>675</MarkerX>
             <MarkerY>54</MarkerY>
             <MarkerZ>3</MarkerZ>
         </Marker>
         <Marker>
             <MarkerX>627</MarkerX>
             <MarkerY>102</MarkerY>
             <MarkerZ>3</MarkerZ>
         </Marker>
         <Marker>
             <MarkerX>594</MarkerX>
             <MarkerY>45</MarkerY>
             <MarkerZ>3</MarkerZ>
         </Marker>
         <Marker>
             <MarkerX>600</MarkerX>
             <MarkerY>144</MarkerY>
             <MarkerZ>3</MarkerZ>
         </Marker>
         <Marker>
             <MarkerX>630</MarkerX>
             <MarkerY>150</MarkerY>
             <MarkerZ>3</MarkerZ>
         </Marker>
         <Marker>
             <MarkerX>558</MarkerX>
             <MarkerY>132</MarkerY>
             <MarkerZ>3</MarkerZ>
         </Marker>
         <Marker>
             <MarkerX>552</MarkerX>
             <MarkerY>201</MarkerY>
             <MarkerZ>3</MarkerZ>
         </Marker>
         <Marker>
             <MarkerX>537</MarkerX>
             <MarkerY>93</MarkerY>
             <MarkerZ>3</MarkerZ>
         </Marker>
         <Marker>
             <MarkerX>468</MarkerX>
             <MarkerY>99</MarkerY>
             <MarkerZ>3</MarkerZ>
         </Marker>
         <Marker>
             <MarkerX>471</MarkerX>
             <MarkerY>180</MarkerY>
             <MarkerZ>3</MarkerZ>
         </Marker>
         <Marker>
             <MarkerX>462</MarkerX>
             <MarkerY>249</MarkerY>
             <MarkerZ>3</MarkerZ>
         </Marker>
         <Marker>
             <MarkerX>420</MarkerX>
             <MarkerY>138</MarkerY>
             <MarkerZ>3</MarkerZ>
         </Marker>
         <Marker>
             <MarkerX>378</MarkerX>
             <MarkerY>198</MarkerY>
             <MarkerZ>3</MarkerZ>
         </Marker>
         <Marker>
             <MarkerX>342</MarkerX>
             <MarkerY>153</MarkerY>
             <MarkerZ>3</MarkerZ>
         </Marker>
         <Marker>
             <MarkerX>339</MarkerX>
             <MarkerY>123</MarkerY>
             <MarkerZ>3</MarkerZ>
         </Marker>
         <Marker>
             <MarkerX>402</MarkerX>
             <MarkerY>84</MarkerY>
             <MarkerZ>3</MarkerZ>
         </Marker>
         <Marker>
             <MarkerX>393</MarkerX>
             <MarkerY>48</MarkerY>
             <MarkerZ>3</MarkerZ>
         </Marker>
         <Marker>
             <MarkerX>426</MarkerX>
             <MarkerY>33</MarkerY>
             <MarkerZ>3</MarkerZ>
         </Marker>
         <Marker>
             <MarkerX>471</MarkerX>
             <MarkerY>45</MarkerY>
             <MarkerZ>3</MarkerZ>
         </Marker>
         <Marker>
             <MarkerX>555</MarkerX>
             <MarkerY>33</MarkerY>
             <MarkerZ>3</MarkerZ>
         </Marker>
         <Marker>
             <MarkerX>306</MarkerX>
             <MarkerY>45</MarkerY>
             <MarkerZ>3</MarkerZ>
         </Marker>
         <Marker>
             <MarkerX>327</MarkerX>
             <MarkerY>18</MarkerY>
             <MarkerZ>3</MarkerZ>
         </Marker>
         <Marker>
             <MarkerX>270</MarkerX>
             <MarkerY>21</MarkerY>
             <MarkerZ>3</MarkerZ>
         </Marker>
         <Marker>
             <MarkerX>231</MarkerX>
             <MarkerY>75</MarkerY>
             <MarkerZ>3</MarkerZ>
         </Marker>
         <Marker>
             <MarkerX>261</MarkerX>
             <MarkerY>123</MarkerY>
             <MarkerZ>3</MarkerZ>
         </Marker>
         <Marker>
             <MarkerX>255</MarkerX>
             <MarkerY>180</MarkerY>
             <MarkerZ>3</MarkerZ>
         </Marker>
         <Marker>
             <MarkerX>330</MarkerX>
             <MarkerY>231</MarkerY>
             <MarkerZ>3</MarkerZ>
         </Marker>
         <Marker>
             <MarkerX>339</MarkerX>
             <MarkerY>321</MarkerY>
             <MarkerZ>3</MarkerZ>
         </Marker>
         <Marker>
             <MarkerX>288</MarkerX>
             <MarkerY>363</MarkerY>
             <MarkerZ>3</MarkerZ>
         </Marker>
         <Marker>
             <MarkerX>285</MarkerX>
             <MarkerY>414</MarkerY>
             <MarkerZ>3</MarkerZ>
         </Marker>
         <Marker>
             <MarkerX>204</MarkerX>
             <MarkerY>315</MarkerY>
             <MarkerZ>3</MarkerZ>
         </Marker>
         <Marker>
             <MarkerX>165</MarkerX>
             <MarkerY>291</MarkerY>
             <MarkerZ>3</MarkerZ>
         </Marker>
         <Marker>
             <MarkerX>228</MarkerX>
             <MarkerY>246</MarkerY>
             <MarkerZ>3</MarkerZ>
         </Marker>
         <Marker>
             <MarkerX>186</MarkerX>
             <MarkerY>168</MarkerY>
             <MarkerZ>3</MarkerZ>
         </Marker>
         <Marker>
             <MarkerX>129</MarkerX>
             <MarkerY>153</MarkerY>
             <MarkerZ>3</MarkerZ>
         </Marker>
         <Marker>
             <MarkerX>66</MarkerX>
             <MarkerY>150</MarkerY>
             <MarkerZ>3</MarkerZ>
         </Marker>
         <Marker>
             <MarkerX>48</MarkerX>
             <MarkerY>219</MarkerY>
             <MarkerZ>3</MarkerZ>
         </Marker>
         <Marker>
             <MarkerX>15</MarkerX>
             <MarkerY>216</MarkerY>
             <MarkerZ>3</MarkerZ>
         </Marker>
         <Marker>
             <MarkerX>21</MarkerX>
             <MarkerY>285</MarkerY>
             <MarkerZ>3</MarkerZ>
         </Marker>
         <Marker>
             <MarkerX>42</MarkerX>
             <MarkerY>321</MarkerY>
             <MarkerZ>3</MarkerZ>
         </Marker>
         <Marker>
             <MarkerX>93</MarkerX>
             <MarkerY>363</MarkerY>
             <MarkerZ>3</MarkerZ>
         </Marker>
         <Marker>
             <MarkerX>66</MarkerX>
             <MarkerY>402</MarkerY>
             <MarkerZ>3</MarkerZ>
         </Marker>
         <Marker>
             <MarkerX>42</MarkerX>
             <MarkerY>444</MarkerY>
             <MarkerZ>3</MarkerZ>
         </Marker>
         <Marker>
             <MarkerX>6</MarkerX>
             <MarkerY>573</MarkerY>
             <MarkerZ>3</MarkerZ>
         </Marker>
         <Marker>
             <MarkerX>99</MarkerX>
             <MarkerY>243</MarkerY>
             <MarkerZ>3</MarkerZ>
         </Marker>
         <Marker>
             <MarkerX>24</MarkerX>
             <MarkerY>45</MarkerY>
             <MarkerZ>3</MarkerZ>
         </Marker>
         <Marker>
             <MarkerX>117</MarkerX>
             <MarkerY>75</MarkerY>
             <MarkerZ>3</MarkerZ>
         </Marker>
         <Marker>
             <MarkerX>159</MarkerX>
             <MarkerY>45</MarkerY>
             <MarkerZ>3</MarkerZ>
         </Marker>
         <Marker>
             <MarkerX>189</MarkerX>
             <MarkerY>27</MarkerY>
             <MarkerZ>3</MarkerZ>
         </Marker>
         <Marker>
             <MarkerX>1230</MarkerX>
             <MarkerY>1353</MarkerY>
             <MarkerZ>3</MarkerZ>
         </Marker>
         <Marker>
             <MarkerX>1254</MarkerX>
             <MarkerY>1284</MarkerY>
             <MarkerZ>3</MarkerZ>
         </Marker>
         <Marker>
             <MarkerX>1557</MarkerX>
             <MarkerY>1278</MarkerY>
             <MarkerZ>3</MarkerZ>
         </Marker>
         <Marker>
             <MarkerX>1584</MarkerX>
             <MarkerY>1269</MarkerY>
             <MarkerZ>3</MarkerZ>
         </Marker>
         <Marker>
             <MarkerX>1722</MarkerX>
             <MarkerY>1383</MarkerY>
             <MarkerZ>3</MarkerZ>
         </Marker>
         <Marker>
             <MarkerX>402</MarkerX>
             <MarkerY>1152</MarkerY>
             <MarkerZ>3</MarkerZ>
         </Marker>
         <Marker>
             <MarkerX>243</MarkerX>
             <MarkerY>699</MarkerY>
             <MarkerZ>3</MarkerZ>
         </Marker>
         <Marker>
             <MarkerX>288</MarkerX>
             <MarkerY>714</MarkerY>
             <MarkerZ>3</MarkerZ>
         </Marker>
         <Marker>
             <MarkerX>207</MarkerX>
             <MarkerY>660</MarkerY>
             <MarkerZ>3</MarkerZ>
         </Marker>
         <Marker>
             <MarkerX>222</MarkerX>
             <MarkerY>810</MarkerY>
             <MarkerZ>3</MarkerZ>
         </Marker>
         <Marker>
             <MarkerX>27</MarkerX>
             <MarkerY>693</MarkerY>
             <MarkerZ>3</MarkerZ>
         </Marker>
     </Marker_Type>
     <Marker_Type>
         <Type>2</Type>
         <Marker>
             <MarkerX>1158</MarkerX>
             <MarkerY>63</MarkerY>
             <MarkerZ>3</MarkerZ>
         </Marker>
         <Marker>
             <MarkerX>1113</MarkerX>
             <MarkerY>108</MarkerY>
             <MarkerZ>3</MarkerZ>
         </Marker>
         <Marker>
             <MarkerX>1074</MarkerX>
             <MarkerY>108</MarkerY>
             <MarkerZ>3</MarkerZ>
         </Marker>
         <Marker>
             <MarkerX>1080</MarkerX>
             <MarkerY>198</MarkerY>
             <MarkerZ>3</MarkerZ>
         </Marker>
         <Marker>
             <MarkerX>1134</MarkerX>
             <MarkerY>171</MarkerY>
             <MarkerZ>3</MarkerZ>
         </Marker>
         <Marker>
             <MarkerX>1161</MarkerX>
             <MarkerY>177</MarkerY>
             <MarkerZ>3</MarkerZ>
         </Marker>
         <Marker>
             <MarkerX>1224</MarkerX>
             <MarkerY>54</MarkerY>
             <MarkerZ>3</MarkerZ>
         </Marker>
         <Marker>
             <MarkerX>1275</MarkerX>
             <MarkerY>105</MarkerY>
             <MarkerZ>3</MarkerZ>
         </Marker>
         <Marker>
             <MarkerX>1299</MarkerX>
             <MarkerY>54</MarkerY>
             <MarkerZ>3</MarkerZ>
         </Marker>
         <Marker>
             <MarkerX>1317</MarkerX>
             <MarkerY>24</MarkerY>
             <MarkerZ>3</MarkerZ>
         </Marker>
         <Marker>
             <MarkerX>1383</MarkerX>
             <MarkerY>48</MarkerY>
             <MarkerZ>3</MarkerZ>
         </Marker>
         <Marker>
             <MarkerX>1341</MarkerX>
             <MarkerY>57</MarkerY>
             <MarkerZ>3</MarkerZ>
         </Marker>
         <Marker>
             <MarkerX>1416</MarkerX>
             <MarkerY>21</MarkerY>
             <MarkerZ>3</MarkerZ>
         </Marker>
         <Marker>
             <MarkerX>1443</MarkerX>
             <MarkerY>33</MarkerY>
             <MarkerZ>3</MarkerZ>
         </Marker>
         <Marker>
             <MarkerX>1467</MarkerX>
             <MarkerY>27</MarkerY>
             <MarkerZ>3</MarkerZ>
         </Marker>
         <Marker>
             <MarkerX>1506</MarkerX>
             <MarkerY>42</MarkerY>
             <MarkerZ>3</MarkerZ>
         </Marker>
         <Marker>
             <MarkerX>1560</MarkerX>
             <MarkerY>42</MarkerY>
             <MarkerZ>3</MarkerZ>
         </Marker>
         <Marker>
             <MarkerX>1605</MarkerX>
             <MarkerY>54</MarkerY>
             <MarkerZ>3</MarkerZ>
         </Marker>
         <Marker>
             <MarkerX>1635</MarkerX>
             <MarkerY>135</MarkerY>
             <MarkerZ>3</MarkerZ>
         </Marker>
         <Marker>
             <MarkerX>1653</MarkerX>
             <MarkerY>111</MarkerY>
             <MarkerZ>3</MarkerZ>
         </Marker>
         <Marker>
             <MarkerX>1674</MarkerX>
             <MarkerY>153</MarkerY>
             <MarkerZ>3</MarkerZ>
         </Marker>
         <Marker>
             <MarkerX>1572</MarkerX>
             <MarkerY>159</MarkerY>
             <MarkerZ>3</MarkerZ>
         </Marker>
         <Marker>
             <MarkerX>1497</MarkerX>
             <MarkerY>114</MarkerY>
             <MarkerZ>3</MarkerZ>
         </Marker>
         <Marker>
             <MarkerX>1422</MarkerX>
             <MarkerY>126</MarkerY>
             <MarkerZ>3</MarkerZ>
         </Marker>
         <Marker>
             <MarkerX>1341</MarkerX>
             <MarkerY>126</MarkerY>
             <MarkerZ>3</MarkerZ>
         </Marker>
         <Marker>
             <MarkerX>1305</MarkerX>
             <MarkerY>177</MarkerY>
             <MarkerZ>3</MarkerZ>
         </Marker>
         <Marker>
             <MarkerX>1239</MarkerX>
             <MarkerY>147</MarkerY>
             <MarkerZ>3</MarkerZ>
         </Marker>
         <Marker>
             <MarkerX>1215</MarkerX>
             <MarkerY>180</MarkerY>
             <MarkerZ>3</MarkerZ>
         </Marker>
         <Marker>
             <MarkerX>1284</MarkerX>
             <MarkerY>240</MarkerY>
             <MarkerZ>3</MarkerZ>
         </Marker>
         <Marker>
             <MarkerX>1227</MarkerX>
             <MarkerY>237</MarkerY>
             <MarkerZ>3</MarkerZ>
         </Marker>
         <Marker>
             <MarkerX>1188</MarkerX>
             <MarkerY>225</MarkerY>
             <MarkerZ>3</MarkerZ>
         </Marker>
         <Marker>
             <MarkerX>1125</MarkerX>
             <MarkerY>216</MarkerY>
             <MarkerZ>3</MarkerZ>
         </Marker>
         <Marker>
             <MarkerX>1122</MarkerX>
             <MarkerY>270</MarkerY>
             <MarkerZ>3</MarkerZ>
         </Marker>
         <Marker>
             <MarkerX>1107</MarkerX>
             <MarkerY>300</MarkerY>
             <MarkerZ>3</MarkerZ>
         </Marker>
         <Marker>
             <MarkerX>1053</MarkerX>
             <MarkerY>306</MarkerY>
             <MarkerZ>3</MarkerZ>
         </Marker>
         <Marker>
             <MarkerX>990</MarkerX>
             <MarkerY>294</MarkerY>
             <MarkerZ>3</MarkerZ>
         </Marker>
         <Marker>
             <MarkerX>957</MarkerX>
             <MarkerY>354</MarkerY>
             <MarkerZ>3</MarkerZ>
         </Marker>
         <Marker>
             <MarkerX>963</MarkerX>
             <MarkerY>411</MarkerY>
             <MarkerZ>3</MarkerZ>
         </Marker>
         <Marker>
             <MarkerX>1032</MarkerX>
             <MarkerY>381</MarkerY>
             <MarkerZ>3</MarkerZ>
         </Marker>
         <Marker>
             <MarkerX>1053</MarkerX>
             <MarkerY>411</MarkerY>
             <MarkerZ>3</MarkerZ>
         </Marker>
         <Marker>
             <MarkerX>1110</MarkerX>
             <MarkerY>426</MarkerY>
             <MarkerZ>3</MarkerZ>
         </Marker>
         <Marker>
             <MarkerX>1122</MarkerX>
             <MarkerY>450</MarkerY>
             <MarkerZ>3</MarkerZ>
         </Marker>
         <Marker>
             <MarkerX>1086</MarkerX>
             <MarkerY>504</MarkerY>
             <MarkerZ>3</MarkerZ>
         </Marker>
         <Marker>
             <MarkerX>1053</MarkerX>
             <MarkerY>492</MarkerY>
             <MarkerZ>3</MarkerZ>
         </Marker>
         <Marker>
             <MarkerX>1032</MarkerX>
             <MarkerY>441</MarkerY>
             <MarkerZ>3</MarkerZ>
         </Marker>
         <Marker>
             <MarkerX>951</MarkerX>
             <MarkerY>570</MarkerY>
             <MarkerZ>3</MarkerZ>
         </Marker>
         <Marker>
             <MarkerX>996</MarkerX>
             <MarkerY>528</MarkerY>
             <MarkerZ>3</MarkerZ>
         </Marker>
         <Marker>
             <MarkerX>1008</MarkerX>
             <MarkerY>567</MarkerY>
             <MarkerZ>3</MarkerZ>
         </Marker>
         <Marker>
             <MarkerX>1032</MarkerX>
             <MarkerY>615</MarkerY>
             <MarkerZ>3</MarkerZ>
         </Marker>
         <Marker>
             <MarkerX>969</MarkerX>
             <MarkerY>612</MarkerY>
             <MarkerZ>3</MarkerZ>
         </Marker>
         <Marker>
             <MarkerX>948</MarkerX>
             <MarkerY>681</MarkerY>
             <MarkerZ>3</MarkerZ>
         </Marker>
         <Marker>
             <MarkerX>918</MarkerX>
             <MarkerY>630</MarkerY>
             <MarkerZ>3</MarkerZ>
         </Marker>
         <Marker>
             <MarkerX>882</MarkerX>
             <MarkerY>636</MarkerY>
             <MarkerZ>3</MarkerZ>
         </Marker>
         <Marker>
             <MarkerX>864</MarkerX>
             <MarkerY>543</MarkerY>
             <MarkerZ>3</MarkerZ>
         </Marker>
         <Marker>
             <MarkerX>756</MarkerX>
             <MarkerY>612</MarkerY>
             <MarkerZ>3</MarkerZ>
         </Marker>
         <Marker>
             <MarkerX>714</MarkerX>
             <MarkerY>663</MarkerY>
             <MarkerZ>3</MarkerZ>
         </Marker>
         <Marker>
             <MarkerX>750</MarkerX>
             <MarkerY>696</MarkerY>
             <MarkerZ>3</MarkerZ>
         </Marker>
         <Marker>
             <MarkerX>705</MarkerX>
             <MarkerY>762</MarkerY>
             <MarkerZ>3</MarkerZ>
         </Marker>
         <Marker>
             <MarkerX>732</MarkerX>
             <MarkerY>789</MarkerY>
             <MarkerZ>3</MarkerZ>
         </Marker>
         <Marker>
             <MarkerX>804</MarkerX>
             <MarkerY>726</MarkerY>
             <MarkerZ>3</MarkerZ>
         </Marker>
         <Marker>
             <MarkerX>819</MarkerX>
             <MarkerY>786</MarkerY>
             <MarkerZ>3</MarkerZ>
         </Marker>
         <Marker>
             <MarkerX>804</MarkerX>
             <MarkerY>846</MarkerY>
             <MarkerZ>3</MarkerZ>
         </Marker>
         <Marker>
             <MarkerX>756</MarkerX>
             <MarkerY>858</MarkerY>
             <MarkerZ>3</MarkerZ>
         </Marker>
         <Marker>
             <MarkerX>819</MarkerX>
             <MarkerY>891</MarkerY>
             <MarkerZ>3</MarkerZ>
         </Marker>
         <Marker>
             <MarkerX>864</MarkerX>
             <MarkerY>870</MarkerY>
             <MarkerZ>3</MarkerZ>
         </Marker>
         <Marker>
             <MarkerX>915</MarkerX>
             <MarkerY>828</MarkerY>
             <MarkerZ>3</MarkerZ>
         </Marker>
         <Marker>
             <MarkerX>990</MarkerX>
             <MarkerY>810</MarkerY>
             <MarkerZ>3</MarkerZ>
         </Marker>
         <Marker>
             <MarkerX>906</MarkerX>
             <MarkerY>747</MarkerY>
             <MarkerZ>3</MarkerZ>
         </Marker>
         <Marker>
             <MarkerX>948</MarkerX>
             <MarkerY>756</MarkerY>
             <MarkerZ>3</MarkerZ>
         </Marker>
         <Marker>
             <MarkerX>951</MarkerX>
             <MarkerY>843</MarkerY>
             <MarkerZ>3</MarkerZ>
         </Marker>
         <Marker>
             <MarkerX>975</MarkerX>
             <MarkerY>885</MarkerY>
             <MarkerZ>3</MarkerZ>
         </Marker>
         <Marker>
             <MarkerX>945</MarkerX>
             <MarkerY>909</MarkerY>
             <MarkerZ>3</MarkerZ>
         </Marker>
         <Marker>
             <MarkerX>894</MarkerX>
             <MarkerY>909</MarkerY>
             <MarkerZ>3</MarkerZ>
         </Marker>
         <Marker>
             <MarkerX>1095</MarkerX>
             <MarkerY>813</MarkerY>
             <MarkerZ>3</MarkerZ>
         </Marker>
         <Marker>
             <MarkerX>1116</MarkerX>
             <MarkerY>840</MarkerY>
             <MarkerZ>3</MarkerZ>
         </Marker>
         <Marker>
             <MarkerX>1131</MarkerX>
             <MarkerY>852</MarkerY>
             <MarkerZ>3</MarkerZ>
         </Marker>
         <Marker>
             <MarkerX>1062</MarkerX>
             <MarkerY>747</MarkerY>
             <MarkerZ>3</MarkerZ>
         </Marker>
         <Marker>
             <MarkerX>1065</MarkerX>
             <MarkerY>717</MarkerY>
             <MarkerZ>3</MarkerZ>
         </Marker>
         <Marker>
             <MarkerX>1041</MarkerX>
             <MarkerY>678</MarkerY>
             <MarkerZ>3</MarkerZ>
         </Marker>
         <Marker>
             <MarkerX>1011</MarkerX>
             <MarkerY>732</MarkerY>
             <MarkerZ>3</MarkerZ>
         </Marker>
         <Marker>
             <MarkerX>1158</MarkerX>
             <MarkerY>771</MarkerY>
             <MarkerZ>3</MarkerZ>
         </Marker>
         <Marker>
             <MarkerX>1188</MarkerX>
             <MarkerY>720</MarkerY>
             <MarkerZ>3</MarkerZ>
         </Marker>
         <Marker>
             <MarkerX>1137</MarkerX>
             <MarkerY>717</MarkerY>
             <MarkerZ>3</MarkerZ>
         </Marker>
         <Marker>
             <MarkerX>1227</MarkerX>
             <MarkerY>705</MarkerY>
             <MarkerZ>3</MarkerZ>
         </Marker>
         <Marker>
             <MarkerX>1260</MarkerX>
             <MarkerY>729</MarkerY>
             <MarkerZ>3</MarkerZ>
         </Marker>
         <Marker>
             <MarkerX>1290</MarkerX>
             <MarkerY>708</MarkerY>
             <MarkerZ>3</MarkerZ>
         </Marker>
         <Marker>
             <MarkerX>1302</MarkerX>
             <MarkerY>774</MarkerY>
             <MarkerZ>3</MarkerZ>
         </Marker>
         <Marker>
             <MarkerX>1263</MarkerX>
             <MarkerY>807</MarkerY>
             <MarkerZ>3</MarkerZ>
         </Marker>
         <Marker>
             <MarkerX>1230</MarkerX>
             <MarkerY>795</MarkerY>
             <MarkerZ>3</MarkerZ>
         </Marker>
         <Marker>
             <MarkerX>1251</MarkerX>
             <MarkerY>843</MarkerY>
             <MarkerZ>3</MarkerZ>
         </Marker>
         <Marker>
             <MarkerX>1344</MarkerX>
             <MarkerY>747</MarkerY>
             <MarkerZ>3</MarkerZ>
         </Marker>
         <Marker>
             <MarkerX>1287</MarkerX>
             <MarkerY>612</MarkerY>
             <MarkerZ>3</MarkerZ>
         </Marker>
         <Marker>
             <MarkerX>1212</MarkerX>
             <MarkerY>642</MarkerY>
             <MarkerZ>3</MarkerZ>
         </Marker>
         <Marker>
             <MarkerX>1230</MarkerX>
             <MarkerY>600</MarkerY>
             <MarkerZ>3</MarkerZ>
         </Marker>
         <Marker>
             <MarkerX>1284</MarkerX>
             <MarkerY>573</MarkerY>
             <MarkerZ>3</MarkerZ>
         </Marker>
         <Marker>
             <MarkerX>1263</MarkerX>
             <MarkerY>531</MarkerY>
             <MarkerZ>3</MarkerZ>
         </Marker>
         <Marker>
             <MarkerX>1188</MarkerX>
             <MarkerY>579</MarkerY>
             <MarkerZ>3</MarkerZ>
         </Marker>
         <Marker>
             <MarkerX>1131</MarkerX>
             <MarkerY>591</MarkerY>
             <MarkerZ>3</MarkerZ>
         </Marker>
         <Marker>
             <MarkerX>1080</MarkerX>
             <MarkerY>552</MarkerY>
             <MarkerZ>3</MarkerZ>
         </Marker>
         <Marker>
             <MarkerX>1143</MarkerX>
             <MarkerY>519</MarkerY>
             <MarkerZ>3</MarkerZ>
         </Marker>
         <Marker>
             <MarkerX>1152</MarkerX>
             <MarkerY>531</MarkerY>
             <MarkerZ>3</MarkerZ>
         </Marker>
         <Marker>
             <MarkerX>1209</MarkerX>
             <MarkerY>498</MarkerY>
             <MarkerZ>3</MarkerZ>
         </Marker>
         <Marker>
             <MarkerX>1203</MarkerX>
             <MarkerY>438</MarkerY>
             <MarkerZ>3</MarkerZ>
         </Marker>
         <Marker>
             <MarkerX>1284</MarkerX>
             <MarkerY>453</MarkerY>
             <MarkerZ>3</MarkerZ>
         </Marker>
         <Marker>
             <MarkerX>1323</MarkerX>
             <MarkerY>375</MarkerY>
             <MarkerZ>3</MarkerZ>
         </Marker>
         <Marker>
             <MarkerX>1353</MarkerX>
             <MarkerY>411</MarkerY>
             <MarkerZ>3</MarkerZ>
         </Marker>
         <Marker>
             <MarkerX>1392</MarkerX>
             <MarkerY>417</MarkerY>
             <MarkerZ>3</MarkerZ>
         </Marker>
         <Marker>
             <MarkerX>1434</MarkerX>
             <MarkerY>414</MarkerY>
             <MarkerZ>3</MarkerZ>
         </Marker>
         <Marker>
             <MarkerX>1479</MarkerX>
             <MarkerY>414</MarkerY>
             <MarkerZ>3</MarkerZ>
         </Marker>
         <Marker>
             <MarkerX>1527</MarkerX>
             <MarkerY>408</MarkerY>
             <MarkerZ>3</MarkerZ>
         </Marker>
         <Marker>
             <MarkerX>1560</MarkerX>
             <MarkerY>429</MarkerY>
             <MarkerZ>3</MarkerZ>
         </Marker>
         <Marker>
             <MarkerX>1593</MarkerX>
             <MarkerY>387</MarkerY>
             <MarkerZ>3</MarkerZ>
         </Marker>
         <Marker>
             <MarkerX>1623</MarkerX>
             <MarkerY>342</MarkerY>
             <MarkerZ>3</MarkerZ>
         </Marker>
         <Marker>
             <MarkerX>1719</MarkerX>
             <MarkerY>261</MarkerY>
             <MarkerZ>3</MarkerZ>
         </Marker>
         <Marker>
             <MarkerX>1656</MarkerX>
             <MarkerY>213</MarkerY>
             <MarkerZ>3</MarkerZ>
         </Marker>
         <Marker>
             <MarkerX>1635</MarkerX>
             <MarkerY>243</MarkerY>
             <MarkerZ>3</MarkerZ>
         </Marker>
         <Marker>
             <MarkerX>1584</MarkerX>
             <MarkerY>225</MarkerY>
             <MarkerZ>3</MarkerZ>
         </Marker>
         <Marker>
             <MarkerX>1521</MarkerX>
             <MarkerY>162</MarkerY>
             <MarkerZ>3</MarkerZ>
         </Marker>
         <Marker>
             <MarkerX>1464</MarkerX>
             <MarkerY>195</MarkerY>
             <MarkerZ>3</MarkerZ>
         </Marker>
         <Marker>
             <MarkerX>1407</MarkerX>
             <MarkerY>192</MarkerY>
             <MarkerZ>3</MarkerZ>
         </Marker>
         <Marker>
             <MarkerX>1407</MarkerX>
             <MarkerY>246</MarkerY>
             <MarkerZ>3</MarkerZ>
         </Marker>
         <Marker>
             <MarkerX>1362</MarkerX>
             <MarkerY>192</MarkerY>
             <MarkerZ>3</MarkerZ>
         </Marker>
         <Marker>
             <MarkerX>1341</MarkerX>
             <MarkerY>231</MarkerY>
             <MarkerZ>3</MarkerZ>
         </Marker>
         <Marker>
             <MarkerX>1311</MarkerX>
             <MarkerY>264</MarkerY>
             <MarkerZ>3</MarkerZ>
         </Marker>
         <Marker>
             <MarkerX>1284</MarkerX>
             <MarkerY>345</MarkerY>
             <MarkerZ>3</MarkerZ>
         </Marker>
         <Marker>
             <MarkerX>1212</MarkerX>
             <MarkerY>282</MarkerY>
             <MarkerZ>3</MarkerZ>
         </Marker>
         <Marker>
             <MarkerX>1233</MarkerX>
             <MarkerY>321</MarkerY>
             <MarkerZ>3</MarkerZ>
         </Marker>
         <Marker>
             <MarkerX>1155</MarkerX>
             <MarkerY>336</MarkerY>
             <MarkerZ>3</MarkerZ>
         </Marker>
         <Marker>
             <MarkerX>1179</MarkerX>
             <MarkerY>366</MarkerY>
             <MarkerZ>3</MarkerZ>
         </Marker>
         <Marker>
             <MarkerX>1203</MarkerX>
             <MarkerY>390</MarkerY>
             <MarkerZ>3</MarkerZ>
         </Marker>
         <Marker>
             <MarkerX>1374</MarkerX>
             <MarkerY>351</MarkerY>
             <MarkerZ>3</MarkerZ>
         </Marker>
         <Marker>
             <MarkerX>1410</MarkerX>
             <MarkerY>321</MarkerY>
             <MarkerZ>3</MarkerZ>
         </Marker>
         <Marker>
             <MarkerX>1425</MarkerX>
             <MarkerY>330</MarkerY>
             <MarkerZ>3</MarkerZ>
         </Marker>
         <Marker>
             <MarkerX>1473</MarkerX>
             <MarkerY>294</MarkerY>
             <MarkerZ>3</MarkerZ>
         </Marker>
         <Marker>
             <MarkerX>1497</MarkerX>
             <MarkerY>351</MarkerY>
             <MarkerZ>3</MarkerZ>
         </Marker>
         <Marker>
             <MarkerX>1473</MarkerX>
             <MarkerY>252</MarkerY>
             <MarkerZ>3</MarkerZ>
         </Marker>
         <Marker>
             <MarkerX>1359</MarkerX>
             <MarkerY>288</MarkerY>
             <MarkerZ>3</MarkerZ>
         </Marker>
         <Marker>
             <MarkerX>1155</MarkerX>
             <MarkerY>288</MarkerY>
             <MarkerZ>3</MarkerZ>
         </Marker>
         <Marker>
             <MarkerX>1560</MarkerX>
             <MarkerY>264</MarkerY>
             <MarkerZ>3</MarkerZ>
         </Marker>
         <Marker>
             <MarkerX>1509</MarkerX>
             <MarkerY>240</MarkerY>
             <MarkerZ>3</MarkerZ>
         </Marker>
         <Marker>
             <MarkerX>1797</MarkerX>
             <MarkerY>24</MarkerY>
             <MarkerZ>3</MarkerZ>
         </Marker>
         <Marker>
             <MarkerX>1839</MarkerX>
             <MarkerY>24</MarkerY>
             <MarkerZ>3</MarkerZ>
         </Marker>
         <Marker>
             <MarkerX>1866</MarkerX>
             <MarkerY>72</MarkerY>
             <MarkerZ>3</MarkerZ>
         </Marker>
         <Marker>
             <MarkerX>1194</MarkerX>
             <MarkerY>105</MarkerY>
             <MarkerZ>3</MarkerZ>
         </Marker>
         <Marker>
             <MarkerX>1107</MarkerX>
             <MarkerY>24</MarkerY>
             <MarkerZ>3</MarkerZ>
         </Marker>
         <Marker>
             <MarkerX>1209</MarkerX>
             <MarkerY>15</MarkerY>
             <MarkerZ>3</MarkerZ>
         </Marker>
         <Marker>
             <MarkerX>1401</MarkerX>
             <MarkerY>144</MarkerY>
             <MarkerZ>3</MarkerZ>
         </Marker>
         <Marker>
             <MarkerX>1380</MarkerX>
             <MarkerY>93</MarkerY>
             <MarkerZ>3</MarkerZ>
         </Marker>
         <Marker>
             <MarkerX>885</MarkerX>
             <MarkerY>948</MarkerY>
             <MarkerZ>3</MarkerZ>
         </Marker>
     </Marker_Type>
     <Marker_Type>
         <Type>3</Type>
     </Marker_Type>
 </Marker_Data>
</CellCounter_Marker_File>
